slice	cand	verdict	prefix	tier	sk	origin	unit	locales	file_line	claim	fix	reason	sk_reason
ui-ja	ui-ja:TERM-JA-2	REJECTED	TERM	P2		MAIN	apps/web-app	ja	apps/web-app/src/locales/ja.json:1412	glamour.sheet.privacy ja "編集内容はこの端末に、この装備ごとに保存されます" renders en "kept on this device for this outfit" as per-gear.	None for ja. The en slice should reword "for this outfit" to "for each piece of gear" so it matches the code.	ja is accurate. Edits are keyed per piece: gearHash = slot|family row|stains (apps/web-app/src/shared/acquisition-edits.ts:5-9, :30), so an edit follows the piece into any outfit. このミラプリごとに would be wrong; the inaccurate text is en "for this outfit". 装備リスト matches en's own "Equipment list" (:1266).
ui-ja	ui-ja:TERM-JA-1	CONFIRMED	TERM	P3		MAIN	apps/web-app	ja	apps/web-app/src/locales/ja.json:1360	en says "dye channels" in all three keys, but ja glamour.verdict.explain says "確認するのは染色枠" while swatch.gearHint (:1219) says "2チャンネル" and swatch.equipCount (:1255) says "{channels}チャンネル".	Use one ja noun for the dye channel in all three keys. Pick it from the client's 7.0 dye UI text, then add it to the dictionary.	The split is factual from the files (en uses one term; ja uses two for the same game mechanic in the Glamour/Swatch views), so it does not depend on fluency. Which word is right is unpinned, so this is P3.
ui-ja	ui-ja:TERM-JA-3	REJECTED	TERM	P3		MAIN	apps/web-app	ja	apps/web-app/src/locales/ja.json:1374	blockedWear "このキャラクターは装備できません" uses 装備 while otherWorks (:1377) "{name}なら着用できます" uses 着用 for en "wear".	None.	装備できない is the natural game phrasing for a race/gender lock, and 着用できる is an ordinary synonym. A native reader takes the same meaning, so this is a stylistic choice in prose, not a term split.
ui-ja	ui-ja:TERM-JA-4	REJECTED	TERM	P3		MAIN	packages/bot-logic	ja	packages/bot-logic/src/i18n/locales/ja.json:614	The bot card renders en "+{n} LOOK" / "ONE LOOK" / "TWIN" as "+{n} 同型" / "唯一" / "代替", while the web uses 同じ見た目.	None.	Twins really are same-model items, and web ja itself says 同一モデル (:1332), so 同型 is accurate. 唯一 and 代替 are defensible terse card tags, and en also splits LOOK/TWIN/"same look".
ui-ja	ui-ja:TERM-JA-5	CONFIRMED	TERM	P2		MAIN	apps/web-app	ja	apps/web-app/src/locales/ja.json:1232	The limbal ring has three ja names: web slotLimbal "リンバルリング" / palTattoo "刺青 / リンバル" (:1239), web tattooColors "タトゥー/リムバルの色" (:94) and bot slotLimbal "リムバル" (bot ja.json:593, :72, :690), vs core sheets.tattooColors "タトゥー／角膜".	Pin the limbal noun in ffxiv-terminology.md from client text, as 2026-09-19 OPEN_ITEMS_SOLUTIONS.md:261 asked. Then align web :94/:1232/:1239 and bot :72/:593/:690, and core if it differs.	core sheets.tattooColors (packages/core/src/data/locales/ja.json:223) is a core value (terminology.md:346), and web :94 is the same sheet name hand-translated differently. Flagged at the 2026-09-19 audit and still unpinned. Neighbors diverge too: :91 メッシュの色 vs core ハイライト.
ui-ja	ui-ja:I18N-JA-6	REJECTED	I18N	P3		MAIN	apps/web-app	ja	apps/web-app/src/locales/ja.json:1392	Fact chips "このキャラ可" / "このキャラ不可" render en "FITS THIS CHARACTER" / "NOT FOR THIS CHARACTER".	None.	These are short chip labels. キャラ is standard player shorthand, and 可/不可 is the normal terse register for a Japanese UI tag. The meaning is unambiguous, so this is a stylistic choice.
ui-ja	ui-ja:TERM-JA-7	REJECTED	TERM	P3		MAIN	apps/web-app	ja	apps/web-app/src/locales/ja.json:1400	sheet.sub counts with "{n}点" while verdict uses "{n}部位", and copyList "リストをコピー" (:1264) vs picker.foot "一覧のコピー" (:1385).	None.	点 is the natural counter for items/garments in a list, and 部位 counts body slots, so they count different things. 一覧 and リスト are interchangeable prose synonyms, and foot paraphrases the button. The meaning is unchanged.
policy-ja	policy-ja:JA-POL-1	CONFIRMED	I18N	P1	REFUTED	PR#227	apps/discord-worker	ja	apps/discord-worker/PRIVACY_POLICY.ja.md:192	Retention row "12か月。ただし、非表示または再表示の場合は、プリセットが削除されるまで" replaces 12 months with "until the preset is deleted" for hide/restore (unbounded), but the records are deleted after 12 months or sooner if the preset is deleted.	Reword to 「12か月。ただし、非表示または再表示の場合は、プリセットが削除された時点でそれより早く削除されます」, matching web PRIVACY.ja.md:63.	Blame f3554155, first carried by preview merge 0acaaf06 (#227); absent at 8ecb878f. The intended meaning is in presets-api moderation-retention-service.ts (12-month prune) plus presets.ts:466 (delete on preset delete): whichever comes first.	The Japanese row does not differ in meaning from the English that governs it. apps/discord-worker/PRIVACY_POLICY.md:190 says "12 months, or until the preset is deleted for a hide or restore", and the most natural reading of that is the same replacement reading ja:192 gives (ただし…の場合は…まで). de:227, fr:190, ko:192 and zh:190 all render the same clause the same way. So ja is a faithful translation of the English, not a ja-only fault, and the fix proposed for ja alone would make ja disagree with the English and the other four locales. The inaccuracy the finding describes is real but lives in the English source. The code deletes hide/restore rows after 12 months (moderation-retention-service.ts:31-38, ban/unban/hide/restore) and also when the preset is deleted (presets.ts:466), whichever comes first. The web policy says this correctly (web-app PRIVACY.md:170 "after 12 months, or sooner for a hide or restore"; PRIVACY.ja.md:63). Suggest re-filing it against the English bot PRIVACY_POLICY.md:190, which the open bot-policy PRs touch (5f83a81f/274407cc), with the fix applied to all six variants in one commit. The policy states a longer retention than the code applies, which overstates rather than under-promises, so P2 rather than P1.
policy-ja	policy-ja:JA-POL-2	CONFIRMED	I18N	P2		MAIN	apps/web-app	ja	apps/web-app/TERMS_OF_SERVICE.ja.md:11	"十のツールから成ります" lists only nine tools, ending "スウォッチマッチャー、そしてコミュニティのプリセットパレットブラウザです". English L15-16 also names the Glamour Reader (ミラプリリーダー).	Insert 「、ミラプリリーダー」 after スウォッチマッチャー, using the tools.glamour.title value.	Line blamed to e15928b2 (2026-09-28) and identical at 8ecb878f; English TERMS_OF_SERVICE.md:15-16 lists Glamour Reader. Not in either 2026-10-04 catalog.
policy-ja	policy-ja:JA-POL-3	CONFIRMED	I18N	P3		PR#227	apps/discord-worker	en	apps/discord-worker/PRIVACY_POLICY.md:190	English row "12 months, or until the preset is deleted for a hide or restore" can be read as the longer of the two (the reading ja took), but the code deletes at whichever comes first.	Use web PRIVACY.md:170-171 wording: "12 months, or sooner for a hide or restore if its preset is deleted".	Blame 274407cc, carried by #227; not present at 8ecb878f. Same retention mechanism as JA-POL-1, but a separate English-side fix, so it is not merged.
policy-ja	policy-ja:JA-POL-4	CONFIRMED	TERM	P3		MAIN	apps/web-app	ja	apps/web-app/PRIVACY.ja.md:44	"フォントは自社ホストです" uses 自社 ("our company"), which casts the one-person operator as a company.	Change to 「フォントはセルフホストです」 (or 運営者のサーバーから配信).	Pinned by the policy-documents.md:75-77 operator-is-one-person rule, not by fluency. The text is unchanged since BASE 5c80fcba (blame 863cd0e7) and present at 8ecb878f. The only earlier mentions are 2026-10-03 security handoffs; it is in neither catalog.
ui-de	ui-de:UIDE-1	CONFIRMED	TERM	P2		MAIN	apps/web-app	de	apps/web-app/src/locales/de.json:1262	swatch.facewearColorTag "{color} · Brillenfarbe" and facewearColorUnknown "Brillenfarbe unbekannt" (:1263) still say glasses, while facewearSlot (:1261) is now "Gesichtsaccessoires".	Replace "Brillenfarbe" in both keys with the dictionary's word for this job (slot = Gesichtsaccessoires, ffxiv-terminology.md:313/325). Do not invent a new compound.	BASE had facewearSlot "Brille". MAIN renamed it but not these two keys, and PR#227 charaHintGlamour also says Gesichtsaccessoire. Brille matches neither dictionary word.
ui-de	ui-de:UIDE-2	CONFIRMED	TERM	P2		MAIN	apps/web-app	de	apps/web-app/src/locales/de.json:1390	glamour.fact.dye "FARBE ×{n}" (en "DYE ×{n}") and bot card.glamourStatusDye "FARBEN" (en "DYES") use Farbe (color) for dye.	Web: "FARBSTOFF ×{n}". Also fix packages/bot-logic de.json:618 card.glamourStatusDye to "FARBSTOFFE" (est. ~66px, fits STATUS_MAX 72).	House register: German dye = Farbstoff, never Farbe. The same bot file says "{n} Farbstoffe" (:612) for the same count. Both values are present at 8ecb878f.
ui-de	ui-de:UIDE-3	CONFIRMED	TERM	P2		MAIN	apps/web-app	de	apps/web-app/src/locales/de.json:875	Preset has three German names: web "Voreinstellungen werden geladen..." (24 lines Voreinstellung), "Preset löschen" (16 lines Preset), and the tool title "Community-Vorlagen" (:71) / bot 60× Vorlage / OG.	Follow the repo's own choice: MAIN retitled the tool Vorlagen, and the bot and OG use Vorlage. Move the web Voreinstellung/Preset keys to Vorlage and add a dictionary row.	The counts are measured. Preset is an app noun, so the repo's MAIN rename sets the word without fluency. That is unlike UIDE-4's game noun, which needs the client string.
ui-de	ui-de:UIDE-4	UNPINNED	TERM	P3		MAIN	apps/web-app	de	apps/web-app/src/locales/de.json:1329	Clan is "Volksgruppe" in selectSubrace (:85) and glamour noTribe (:1329) but "Stamm" in swatch.dropBody/whoHead "STAMM & GESCHLECHT" (:1209/:1212) and bot preferences.keys.clan "Charakter-Stamm".	Add a dictionary row for the clan noun from the German client string, then align both keys to it.	The inconsistency is real (pre-existing at BASE 5c80fcba). Clan is a game noun, and the dictionary lists clan values (:159) but no noun, so the right word needs a cited source.
ui-de	ui-de:UIDE-5	CONFIRMED	TERM	P3		MAIN	apps/web-app	de	apps/web-app/src/locales/de.json:1412	glamour.sheet.privacy "Bearbeitungen werden für dieses Outfit ... gespeichert" uses the anglicism Outfit for one glamour, which the dictionary sets as die Projektion.	Use "für diese Projektion" (feminine). Consider glamour.sheet.title "Ausrüstungsliste" (en "Glamour list") together, using Projektion.	Narrowed to the dictionary-pinned part (ffxiv-terminology.md:264). Aussehen vs OPTIK/EINZIG and "jede Klasse" vs Jobs are unpinned (no row, no jobNames :348). PR#227 does not touch these keys.
ui-de	ui-de:UIDE-6	CONFIRMED	I18N	P3		MAIN	apps/web-app	de	apps/web-app/src/locales/de.json:1364	glamour.verdict.countCompany "{n} BRAUCHT GESELLSCHAFT" (en "{n} NEEDS A GRAND COMPANY") reads idiomatically as "needs company/companionship".	Use "{n} BRAUCHT STAATL. GESELLSCHAFT" or the full "Staatliche Gesellschaft" already used in explain (:1360), segCompany (:1358) and bot glamourCompany (:638).	Narrowed. Bot "KEINE PROJ" is rejected: en itself says "NO GLAM", and the no-short-forms rule (:320) covers slot names only. "STAATL. GESELLSCHAFT" (:1395) is a cosmetic abbreviation.
ui-de	ui-de:UIDE-7	REJECTED	I18N	P3		MAIN	packages/bot-logic	de	packages/bot-logic/src/i18n/locales/de.json:621	card.glamourFootShown_one "{s} von {n} gefärbten Teil" claimed ungrammatical.	None.	A digit is read as the inflected numeral ("von einem gefärbten Teil"), so the weak ending gefärbten is correct. The proposed "gefärbtem" would be wrong.
ui-de	ui-de:UIDE-8	CONFIRMED	I18N	P3		MAIN	apps/web-app	en,de	apps/web-app/src/locales/de.json:1380	glamour.row.twins "Sieht aus wie {n} weitere Gegenstände" (en "{n} other items") and glamour.sheet.sub "{n} Teile" (:1400) have no singular form.	Split both into _one/_other in all six locales and route them through the existing phrase(n, key_one, key_other) helper (glamour-block.ts:1436), as glamour.verdict.seg* does.	glamour-block.ts:946/964 pass familySize-1 with familySize>1, so n=1 happens ("1 weitere Gegenstände"). glamour-sheet.ts:143 passes pieces.length, which can be 1.
ui-de	ui-de:UIDE-9	CONFIRMED	I18N	P3		MAIN	apps/web-app	de	apps/web-app/src/locales/de.json:1369	glamour.row.fixedDye/fixedGlamour/fixedWear "Statt {name}, das diese Farbstoffe nicht annimmt" hardcodes neuter das after an item name of any gender.	Rephrase gender-free, e.g. "Statt {name} (nimmt diese Farbstoffe nicht an)". Also fix packages/bot-logic de.json:630-632 card.glamourFixedDye/FixedGlamour/FixedWear.	A masculine or feminine item name (Gürtel, Hose) gets a plainly wrong relative pronoun. The en is "which ...". All of these are present at 8ecb878f.
ui-de	ui-de:UIDE-10	CONFIRMED	I18N	P3		MAIN	apps/og-worker	de	apps/og-worker/src/services/og-embed.ts:140	de glamour.descriptionDefault "– mit Farbstoffen, ob das Spiel es tragen lässt, und Bezugsquelle" puts an ob-clause under the preposition mit.	Drop mit and parallel the en list, e.g. "– seine Farbstoffe, ob das Spiel es tragen lässt, und woher es kommt."	The added "mit" cannot govern an ob-clause, so the coordination is ungrammatical, not a style choice. en has no "with". No PR touches og-embed.ts.
ui-de	ui-de:UIDE-11	REJECTED	I18N	P3		MAIN	apps/web-app	de	apps/web-app/src/locales/de.json:1055	preset.dyesHint "... eine Palette muss kaufbar sein." drops en's "so every slot must be a real dye" and says Platz.	None.	The meaning survives: the no-hex/no-picker sentence plus "kaufbar" says the same. The omission and Platz vs Slot are stylistic, and the text is unchanged since BASE.
policy-de	policy-de:POL-DE-1	CONFIRMED	I18N	P1	held P2	MAIN	apps/web-app	de	apps/web-app/TERMS_OF_SERVICE.de.md:17	"Zehn Werkzeuge laufen in deinem Browser: Paletten-Extraktor, ... Budget-Finder, Farbmuster-Matcher und der Community-Presets-Browser" lists nine tools; EN TERMS_OF_SERVICE.md:15-17 names "Glamour Reader" as the tenth	Insert "Projektionsleser," after "Farbmuster-Matcher," (de.json tools.glamour.title) so the list matches the English and the count.	Line exists identically at 8ecb878f (Zehn, no Projektionsleser); en.json tools.glamour.title = Glamour Reader, de = Projektionsleser. Graded P1 because a user sees wrong text (count contradicts list), not a missing key.	The defect is real. apps/web-app/TERMS_OF_SERVICE.de.md:17-19 opens with "Zehn Werkzeuge" but lists only nine tools. Glamour Reader / Projektionsleser is missing, while the English TERMS_OF_SERVICE.md:15-17 lists ten. Users can see this page: about-modal.ts:461 links each locale's own copy through policyDocFile. I would grade it P2, not P1. The brief (reviewer-brief.md:106) makes a policy variant P1 only when it "promises something different". A tool missing from a list of features changes no obligation, liability or data-handling term. The next sentence (line 20) still describes reading .chara files to name the gear in a Projektion. So this is a policy variant whose meaning drifts from the English, and the count/list mismatch is cosmetic. The proposed fix is correct.
policy-de	policy-de:POL-DE-2	CONFIRMED	I18N	P3		PR#230	apps/web-app	en (de inherits at PRIVACY.de.md:191-197)	apps/web-app/PRIVACY.md:168	"An action on a preset (such as approve, reject or revert) ... is kept as long as the preset exists" overlaps "A ban, unban, hide or restore ... deleted after 12 months, or sooner for a hide or restore if its preset is deleted"	Reword to "Any other moderation-log entry about a preset (such as approve, reject or revert)" as in discord-worker PRIVACY_POLICY.md:191; propagate to all six web PRIVACY variants in one commit.	Text absent at the #223 merge 1d5d34ea, present at the #230 merge 53fad4c7 (commit 1f752c80, sprint8 branch), so origin is PR#230, not PR#223. Hide/restore are preset actions too, so two retention rules literally apply.
policy-de	policy-de:POL-DE-3	CONFIRMED	I18N	P2		PR#230	apps/web-app	en (de follows at PRIVACY.de.md:171-173)	apps/web-app/PRIVACY.md:151	"Posts made since the *Last updated* date above do not show your Discord user ID; older posts may" anchors to a moving date (2026-10-04) that precedes the code change's deploy	Anchor to the fixed date the ID-free posts went live (the merge/deploy date), not the Last-updated date, in both web PRIVACY and discord-worker PRIVACY_POLICY.md:116 and all their variants.	The ID-removal code (aaa4467b, d1fdb89a, FINDING-008) is not an ancestor of 8ecb878f and deploys only on merge, so posts made on 2026-10-04 still carry the ID. Web text from PR#230; Discord copy from PR#227.
ui-fr	ui-fr:TERM-1	CONFIRMED	TERM	P2		MAIN	apps/web-app	fr	apps/web-app/src/locales/fr.json:1262	swatch.facewearColorTag '{color} · couleur de lunettes' / facewearColorUnknown 'Couleur de lunettes inconnue' name facewear 'lunettes' while the same tool's slot is 'Accessoires de visage' (fr.json:1261).	Use the slot word (row 16050) in both keys, e.g. '{color} · couleur d'accessoire de visage' / 'Couleur d'accessoire de visage inconnue'.	Present at MAIN (line 1261 there). Dictionary Equipment Slots row 16050 pins fr 'Accessoires de visage'; the PR-added charaHintGlamour already says 'l'accessoire de visage', so the tool has two names for one concept.
ui-fr	ui-fr:TERM-2	CONFIRMED	TERM	P2		MAIN	apps/og-worker	fr	apps/og-worker/src/services/og-strings.ts:75	OG_DECK fr presets name 'Palettes Communautaires' disagrees with the web tool title tools.presets.title 'Préréglages communautaires' (web fr.json:71).	Set OG_DECK fr presets.name to 'Préréglages communautaires'. Separately and unpinned: web 'preset' (880,1053,1077,1223) and bot 'modèle' (439,440,455) strays.	Web title retitled at MAIN by 7ce6830c (DOC-015); og-strings.ts:75 still 'Palettes Communautaires' at 8ecb878f. Tool names must agree across web title and OG_DECK; the anglicism/modèle part has no dictionary row.
ui-fr	ui-fr:TERM-3	UNPINNED	TERM	P3		MAIN	apps/web-app	fr	apps/web-app/src/locales/fr.json:1391	Clan/tribe is 'ethnie' (85,1329), 'tribu' (1209,1212), 'Clan' (bot 355) and 'TOUTES RACES' (1391) across fr surfaces.	Add a fr row for the generic clan/subrace word to docs/reference/ffxiv-terminology.md, then align the keys to it.	Dictionary Clans table has no fr column/generic word; core fr clans mix 'Tribu du Soleil'/'Clan de la Mer'. 'TOUTES RACES' is accurate: charaTwinFacts emits anyTribe when wearMask (per-race columns) is ANY_WEARER.
ui-fr	ui-fr:TERM-4	UNPINNED	TERM	P3		MAIN	apps/web-app	fr	apps/web-app/src/locales/fr.json:1360	glamour.verdict.explain says 'la race, le sexe et la Grande Compagnie' while 1209/1212/1329 and bot 355 say 'genre'.	Pin the client's fr word for character gender ('sexe' vs 'genre') in the dictionary, then use it everywhere.	Two words for one concept is real, but no dictionary row says which is the client's term (the FR client may itself use 'Sexe'), so the direction is unsourced.
ui-fr	ui-fr:TERM-5	UNPINNED	TERM	P3		MAIN	packages/bot-logic	fr	packages/bot-logic/src/i18n/locales/fr.json:614	card.glamourLooks '+{n} ASPECT' vs web 'MÊME APPARENCE · {n} OBJETS' / 'd'apparence identique' (fr.json:1376-1383) for the same 'look'.	Add a dictionary row for 'look' (twin appearance) and align bot and web to it.	Present at MAIN; no dictionary or core value pins the word, so it rests on fluency.
ui-fr	ui-fr:I18N-1	CONFIRMED	I18N	P3		MAIN	apps/web-app	fr	apps/web-app/src/locales/fr.json:1385	glamour.picker.foot quotes the button as 'Exporter .md' but swatch.exportMarkdown reads 'Exporter en .md' (fr.json:1265).	Make picker.foot quote 'Exporter en .md' (or shorten exportMarkdown to 'Exporter .md') so the two match.	en quotes 'Export .md' in both places; fr mismatches. The sheet.save 'Enregistrer le .md' part is not a defect, since en also differs there ('Save .md').
ui-fr	ui-fr:I18N-2	REJECTED	I18N	P3		MAIN	apps/web-app	fr	apps/web-app/src/locales/fr.json:1399	glamour.sheet.title en 'Glamour list' is fr 'Liste d'équipement'.	None required.	en itself calls the same list 'Equipment list' (listCopied, en.json:1266), and fr 'Liste d'équipement' matches that; meaning unchanged, so this is a stylistic alternative.
ui-fr	ui-fr:I18N-3	CONFIRMED	I18N	P1	held P2	MAIN	packages/bot-logic	fr	packages/bot-logic/src/i18n/locales/fr.json:618	card.glamourStatusDye 'TEINTES' (en 'DYES', the piece cannot take the dyes) reads as 'shades'/'dyed', not a dye problem.	Use the house dye word: 'TEINTURES' (fitText at glamour-card.ts:278 shrinks the status column).	glamour.ts:234 shows it for problem 'dye' (dyedChannel > dyeCount); house word is 'teinture' (bot 611-613, web 'TEINTURE ×{n}'). The 'NON MIRAGE' vs 'PAS DE MIRAGE' half is dropped: en also splits ('NO GLAM' vs 'NO GLAMOUR').	The defect is real. packages/bot-logic/src/i18n/locales/fr.json:618 has "glamourStatusDye": "TEINTES", and glamour.ts:234 shows it as the blocked-status pill when a piece fails on dye (glamour-card.ts:278). Everywhere else in this codebase "teinte" means hue: "Teinte OKLCH" at fr.json:60, web "deltaHue": "TEINTE", and "sortHue". The house dye word is "teinture": bot fr.json:512/516/585 and web "colDye": "TEINTURE". So the pill reads as "HUES", or as the adjective "dyed", not as "won't take these dyes". I would grade it P2, not P1. This is the wrong house word for a concept, the same class as the German "FARBEN" on the same key, which the brief treats as a terminology fault (German dye = Farbstoff, never Farbe). The meaning can still be recovered: the pill is drawn in the blocked colour, and the card's footer lines explain the problem in correct French ("qui ne prend pas ces teintures" in glamourFixedDye, "ne prend pas les teintures du fichier" in glamourBlockedDye). The English "DYES" is just as terse. So this is a misleading short label with an explanation nearby, not text that is wrong with nothing to correct it. The proposed fix "TEINTURES" is correct (fitText shrinks the status column to fit). Dropping the "NON MIRAGE" half is also correct.
policy-fr	policy-fr:POL-FR-1	CONFIRMED	TERM	P2		MAIN	apps/web-app	fr	apps/web-app/PRIVACY.fr.md:27	All four fr policies call a preset "palette prédéfinie" (109 hits; web TERMS fr:19 names the tool "navigateur de Palettes Prédéfinies communautaires"), but the UI says "préréglage" (web fr.json:71 "Préréglages communautaires"; bot-logic fr.json 57 hits).	Replace "palette(s) prédéfinie(s)" with "préréglage(s)" in all four fr policies (web-app and discord-worker) so they match fr.json tools.presets.title. Add a dictionary row for Preset.	Pinned by the current fr.json tool title (the brief requires quoted UI and tool names to equal fr.json), so it is not a fluency call. MAIN already has it (TERMS fr:30 at 8ecb878f); PR#223/#230 hunks add more. Counts in the original claim were slightly off.
policy-fr	policy-fr:POL-FR-2	CONFIRMED	I18N	P2		MAIN	apps/web-app	fr	apps/web-app/TERMS_OF_SERVICE.fr.md:17	"Dix outils fonctionnent dans votre navigateur :" lists nine tools. The Glamour Reader ("Lecteur de mirages"), which English TERMS:15-16 lists, is missing.	Add "le Lecteur de mirages" after "le Nuancier" in the list (match fr.json tools title), in the same commit as all six variants.	Same text at 8ecb878f:17-20. Neither catalog has it.
policy-fr	policy-fr:POL-FR-3	REJECTED	I18N	P3		MAIN	apps/web-app	fr	apps/web-app/TERMS_OF_SERVICE.fr.md:30	"voter sur", "rejette" (discards), "pas tant qu'un bannissement est actif", "salon de journal des soumissions" wording.	None required.	Defensible style. "voter sur" is valid French, "rejeter" reads as discard in context, and "pas tant qu'un bannissement est actif" says exactly "not while a ban is active". No native reader would take a different meaning.
policy-fr	policy-fr:POL-FR-4	REJECTED	I18N	P3		MAIN	apps/discord-worker	fr	apps/discord-worker/TERMS_OF_SERVICE.fr.md:75	"FINAL FANTASY XIV © SQUARE ENIX CO., LTD. All Rights Reserved." is left in English; headings "Fin des choses" and "Appels" are calques.	None required.	The copyright line is Square Enix's own notice, which its regional sites keep in English, so the brief's verbatim third-party rule covers it. "Appel(s)" is a legitimate term, and "Fin des choses" renders an informal English heading without changing its meaning.
policy-fr	policy-fr:POL-FR-5	REJECTED	I18N	P3		MAIN	apps/discord-worker	fr	apps/discord-worker/PRIVACY_POLICY.fr.md:170	"envoyez un DM à « Flash Galatine »" vs "envoyez un message privé" (web PRIVACY.fr.md:305).	None required.	French Discord users say "DM" routinely and both phrases name the same route unambiguously. This is a cosmetic choice with no dictionary row and no change of meaning.
policy-fr	policy-fr:POL-FR-6	REJECTED	I18N	P3		PR#230	apps/web-app	en	apps/web-app/PRIVACY.md:150	"when a moderator approves, rejects or reverts one" does not say what is reverted.	None required.	"one" clearly means the preset, and "revert" matches the bot's Revert button and the pre-edit snapshot described elsewhere. The fr "annule une modification" means the same thing, so no reader takes a different meaning (origin #230 for web, #227 for bot).
ui-ko	ui-ko:UKO-1	CONFIRMED	I18N	P2		MAIN	apps/web-app	ko	apps/web-app/src/locales/ko.json:451	comparison.mCie76Caveat "바로 ΔE2000을 낙은 결함입니다" uses the non-word 낙은 (for "produced"), and budget.perPointNote (:607) has the ungrammatical "해당 행 가격을 뺌 값을".	Change 낙은 to 낳은 in mCie76Caveat and 뺌 값을 to 뺀 값을 in perPointNote.	Both strings are as quoted at HEAD and were not touched by any PR (blame c10f854c, pre-BASE). The meaning can still be guessed from context, so this is a visible typo in secondary text: P2, not P1. UKO-2 is merged in as the same class of defect in the same file.
ui-ko	ui-ko:UKO-2	REJECTED	I18N	P3		MAIN	apps/web-app	ko	apps/web-app/src/locales/ko.json:607	budget.perPointNote "해당 행 가격을 뺌 값을" is ungrammatical.	See ui-ko:UKO-1.	merged into ui-ko:UKO-1
ui-ko	ui-ko:UKO-3	CONFIRMED	TERM	P2		MAIN	apps/web-app	ko	apps/web-app/src/locales/ko.json:1229	Inside web ko.json, Highlights is "하이라이트 색상" (:91) but "브릿지" (:1229/:1237/:1245); Limbal is "림발" (:94) but "림벌" (:1232/:1239). Face paint is "페이스 페인트", while core sheets say 하이라이트 / 문신/홍채 / 얼굴 페인트.	Pick one ko word for each creator sheet (core `sheets` is the pinned value) and apply it to tools.character.*, swatch.slot*/pal*/absent*, and bot card.slotHl/slotPaint/slotLimbal plus the manual bodies.	Verified against core ko.json:220-225. The same file uses two names for one concept (하이라이트/브릿지, 림발/림벌), which is a factual inconsistency, not a fluency judgment. No PR touched these lines.
ui-ko	ui-ko:UKO-4	CONFIRMED	TERM	P2		MAIN	apps/web-app	ko	apps/web-app/src/locales/ko.json:1412	glamour.sheet.privacy says "이 복장별로 저장됩니다" for "for this outfit", but the dictionary's UI word for one glamour/outfit is 코디.	Change it to "이 코디별로" (matching swatch.equipHead/paletteTitle).	ffxiv-terminology.md Glamour Terms (l.264, l.275-278) pins 코디 for UI and 의상 for policies only, so 복장 is neither. The en text means one glamour. Blame 0e83fe74, at MAIN.
ui-ko	ui-ko:UKO-5	CONFIRMED	TERM	P3		MAIN	apps/web-app	ko	apps/web-app/src/locales/ko.json:1185	share.invalidDye "인식할 수 없는 염색약" and share.legacyLink "오래된 염색약 ID" use 염색약 (a hair-dye product word), where core labels.dye and every other surface say 염료.	Replace 염색약 with 염료 in both keys.	Core ko.json:9 is labels.dye = 염료. This is two names for one concept in rare error text whose meaning stays intact, so P3.
ui-ko	ui-ko:UKO-6	CONFIRMED	TERM	P2		MAIN	packages/bot-logic	ko	packages/bot-logic/src/i18n/locales/ko.json:357	preferences.keys.world "마켓 서버", keys.market "마켓 가격 표시" and manual5 spectrumPrices "마켓 아이템" (:686) use the loan 마켓, while the dictionary pins Market Board = 장터, which the same file uses elsewhere (:112, :1145, :1148).	Use 장터 ("장터 서버", "장터 가격 표시", "장터 아이템").	ffxiv-terminology.md l.229-241 pins 장터 and rejects 마켓보드. The bare 시장 column labels are not on the banned list, so they stay unpinned and are not part of this verdict.
ui-ko	ui-ko:UKO-7	UNPINNED	TERM	P3		MAIN	packages/bot-logic	ko	packages/bot-logic/src/i18n/locales/ko.json:614	card.glamourLooks "+{n} 동형" / card.glamourOneLook "유일" (en "+{n} LOOK" / "ONE LOOK") is judged stilted beside web 같은 외형.	Maintainer's choice; a short form such as "+{n} 외형" would align with web if wanted.	No dictionary row or core value covers this card label. 동형 means same form and is understandable in a narrow card column, and ja 同型 / zh 同款 follow the same pattern. The objection rests on fluency only.
ui-ko	ui-ko:UKO-8	CONFIRMED	I18N	P3		MAIN	packages/bot-logic	ko	packages/bot-logic/src/i18n/locales/ko.json:607	card.glamourPieces_one/_other "염색 {n}개" (en "{n} dyed piece(s)") reads as a count of dye jobs rather than pieces. Its fallback sibling glamourWorn is "장비 {n}개".	Change it to "염색 장비 {n}개" (or "염색한 장비 {n}개") in both plural forms.	glamour.ts:411 swaps glamourPieces and glamourWorn into the same slot, and this value sits next to glamourDyes "염료 {n}종". A piece with two dye channels makes the count read differently. Blame bfd393e7, at MAIN.
policy-ko	policy-ko:I18N-1	CONFIRMED	I18N	P3		MAIN	apps/web-app	ko	apps/web-app/TERMS_OF_SERVICE.ko.md:11	'열 가지 도구가 ... 스와치 매처, 그리고 커뮤니티 프리셋 브라우저입니다' says ten but lists nine; Glamour Reader (코디 리더) is missing, though English TERMS_OF_SERVICE.md:15-16 lists it.	Insert '코디 리더' between 스와치 매처 and 커뮤니티 프리셋 브라우저 in the list, following the English order.	The line is identical at 8ecb878f, and no open PR touches TERMS_OF_SERVICE.ko.md. English line 16 names the Glamour Reader. Not in either catalog.
policy-ko	policy-ko:TERM-1	CONFIRMED	TERM	P2		PR#223	apps/web-app	ko	apps/web-app/PRIVACY.ko.md:13	'Moderator' has two names: '운영자가 승인하면' (PRIVACY.ko.md:13, web TERMS ko:39/41, bot TERMS ko:57/59/67) vs '조정자' (PRIVACY.ko.md:40/60-63/100, bot PRIVACY ko:31/57/58/116/118/192/194).	Use one ko word for moderator in all four ko policies and pin it in ffxiv-terminology.md (the UI uses 모더레이터 in web ko.json:1051 and 관리자 in bot-logic ko). Also fix apps/discord-worker.	Blame puts line 13 in 3daa83fd, merged by #223; the TERMS lines are MAIN. The two words are on the page, so this does not rest on fluency. Not in either catalog.
policy-ko	policy-ko:I18N-2	CONFIRMED	I18N	P3		PR#230 (web); PR#227 (bot PRIVACY_POLICY.ko.md:116)	apps/web-app	ko	apps/web-app/PRIVACY.ko.md:60	'숨겨진 사용자의 프리셋 수' reads most naturally as [hidden user]'s preset count; English means 'how many of your presets were hidden'.	Reword to '숨겨진 사용자 프리셋의 수' or '사용자의 프리셋 중 숨겨진 수' in web PRIVACY.ko.md:60 and in discord-worker PRIVACY_POLICY.ko.md:116.	The relative clause attaches to the nearest noun (사용자), so a native reader takes 'the hidden user'. Blame: 59cc1d6a (#230) and f3554155 (#227). Not in either catalog.
policy-ko	policy-ko:TERM-2	CONFIRMED	TERM	P3		PR#223	apps/web-app	ko	apps/web-app/PRIVACY.ko.md:30	'"모두 초기화"는 해당 복장의 고쳐 쓴 줄을 삭제합니다' uses 복장 for 'outfit'; the dictionary pins 의상 for the policies, and the same file uses 의상 at :17/:18/:48.	Replace '해당 복장의' with '해당 의상의'.	ffxiv-terminology.md (Glamour Terms) says the Privacy / Terms documents use official-register 의상. Blame: 3daa83fd (#223). Not in either catalog.
policy-ko	policy-ko:TERM-3	REJECTED	TERM	P3		MAIN	apps/discord-worker	ko	apps/discord-worker/PRIVACY_POLICY.ko.md:28	'기본 마켓 서버 / 데이터 센터' for 'default world / data center' adds an unpinned 마켓.	None in the policy.	It matches the bot's own preference label, bot-logic ko.json:357 'world': '마켓 서버'. It honors the dictionary's World = 서버 and Data Center = 데이터 센터, and 마켓 is not a listed false friend.
policy-ko	policy-ko:I18N-3	REJECTED	I18N	P3		PR#230 (web); PR#227 (bot)	apps/web-app	en	apps/web-app/PRIVACY.md:157	'after **90 days** if nobody does' / '90 days if unresolved' has no stated anchor.	None required.	The only sensible reading is 90 days from the record's creation, which matches FAILED_NOTIFICATION_UNRESOLVED_RETENTION_DAYS. ko renders the same meaning faithfully, so this is a stylistic option and not a meaning defect.
ui-zh	ui-zh:TERM-ZH-1	CONFIRMED	TERM	P2		MAIN	apps/web-app	zh	apps/web-app/src/locales/zh.json:1394	glamour.fact.dated = "旧版" tags a Dated item, but the game's zh client writes that prefix as 过期 (e.g. #372 Dated Hempen Coif = 过期草布兜帽).	Set glamour.fact.dated to "过期" so the tag matches the item-name prefix printed beside it.	Pinned by game data, not fluency: item-names.zh.json has 1408 names starting with 过期 and none with 旧版. #372 = 过期草布兜帽 vs its twin #2629 = 草布兜帽. Blame 78ba2cda is in MAIN. Out of slice: ja 旧式 and ko 구형 (game prefix 낡은) need the same check.
ui-zh	ui-zh:TERM-ZH-2	CONFIRMED	TERM	P2		MAIN	packages/bot-logic	zh	packages/bot-logic/src/i18n/locales/zh.json:146	manual tip facewearExcluded says "**面部装备：** 面部装备颜色…" for the Facewear dye category, whose core and dictionary value is 脸部配饰.	Replace both 面部装备 occurrences with 脸部配饰 (core categories.Facewear).	The dictionary's Dye Categories row Facewear = 脸部配饰, and core zh.json:153 agrees. The sentence is about the color category, not the slot (面部配饰). Blame 29e055e9 is in MAIN, and it is not in either catalog.
ui-zh	ui-zh:TERM-ZH-3	UNPINNED	TERM	P3		MAIN	apps/web-app	zh (de/fr same narrowing)	apps/web-app/src/locales/zh.json:1262	swatch.facewearColorTag / facewearColorUnknown say "{color} · 眼镜颜色" / "眼镜颜色未知" (glasses), while the slot beside them is 面部配饰.	Maintainer to pin a dictionary label for the facewear-color tag; if pinned to the Facewear noun, use e.g. 脸部配饰颜色.	No dictionary row pins the facewear-color phrase. The Facewear Colors section lists only the color names, and 眼镜 is accurate because the value comes from glassesId. Locale values: ja フェイスウェアカラー, ko 페이스웨어 색상, de Brillenfarbe, fr couleur de lunettes, zh 眼镜颜色.
ui-zh	ui-zh:TERM-ZH-4	REJECTED	TERM	P3		MAIN	packages/bot-logic	zh	packages/bot-logic/src/i18n/locales/zh.json:614	Bot card badges "+{n} 同款" / "唯一" / "替代" vs web 相同外观 / 同外观装备 for the same-look concept.	None.	替代 is the 'fix' status (glamour.ts:269) and matches web's 以同外观装备代替. 唯一 in a compact look column is a defensible reading of ONE LOOK. There is no dictionary row: this is a stylistic choice, not a defect.
ui-zh	ui-zh:I18N-ZH-5	REJECTED	I18N	P3		MAIN	apps/web-app	zh	apps/web-app/src/locales/zh.json:1385	glamour.picker.foot "复制列表和导出 .md 会写入你选的那件。" paraphrases the button "导出为 .md"; counter spacing {n}件 vs {n} 件 varies.	None.	Every locale's foot paraphrases the button loosely (ja/ko/de/fr), and no reader takes a different meaning. The numeral-CJK spacing split is cosmetic, the same as the zh ——/— split the brief says is not filed.
policy-zh	policy-zh:ZH-1	CONFIRMED	I18N	P2		MAIN	apps/web-app	zh	apps/web-app/TERMS_OF_SERVICE.zh.md:11	zh says '十个工具在您的浏览器中运行：…预算建议、色板匹配器，以及社区预设浏览器' but names only nine tools; English (TERMS_OF_SERVICE.md:15-17) lists 'Glamour Reader' as the tenth.	Insert 幻化查看器 (zh.json tools.glamour.title) between 色板匹配器 and 以及社区预设浏览器 so the list has ten tools in English order.	The HEAD line lists 9 items under 十个工具 and English lists Glamour Reader. Blame e15928b2 is an ancestor of 8ecb878f and the identical line exists at MAIN. Not in either catalog.
policy-zh	policy-zh:ZH-2	CONFIRMED	TERM	P3		PR#223	apps/web-app	zh	apps/web-app/PRIVACY.zh.md:13	'在版主批准后通过 shots.xivdyetools.app 公开显示' calls the moderator 版主, while the same file uses 审核员 15 times (also discord-worker 13+3, web TERMS 2).	Change to 审核员 to match the other policy occurrences. Note web zh.json fieldPreviewImageHint also says 版主, so align it with the policies too.	Blame 3daa83fd is in PR#223 (preview merge 1d5d34ea). The count is 1 vs 15 in the file. No dictionary row exists, but this is an internal two-names-for-one-role inconsistency, not a judgment based on fluency.
policy-zh	policy-zh:ZH-3	REJECTED	TERM	P3		PR#223	apps/web-app	zh	apps/web-app/PRIVACY.zh.md:29	'登出会删除会话令牌' and TERMS_OF_SERVICE.zh.md:21 '即可登出' use 登出, while PRIVACY.zh.md:104 quotes the label **退出登录**.	None required.	English uses unquoted prose there ('Signing out deletes…' PRIVACY.md:60, 'signs you out' TERMS:34). The only quoted label (line 104) equals config.logout 退出登录. Prose 登出 is a standard synonym, so the meaning is the same.
en	en:TERM-EN-1	CONFIRMED	TERM	P2		MAIN	apps/web-app	en	apps/web-app/src/locales/en.json:1209	swatch.dropBody 'the tribe and gender needed to look hair and skin up' and swatch.whoHead (:1212) 'TRIBE & GENDER' name the clan, while swatch.slotError.noTribe (:1329) says 'the file's clan and gender'; glamour.fact.anyTribe (:1391) 'ANY TRIBE' uses the same word for the race wear lock.	Use 'clan' (ffxiv-terminology.md:159, core `clans`) in dropBody and whoHead; use 'race' in glamour.fact.anyTribe/tribeOk/tribeNo, which test charaCanWear(wearMask, race, gender).	Lines read as quoted; the dictionary Clans section and core `clans` pin 'clan', and :1329 already says clan. chara-twins.ts:151 and chara-game-rules.ts:148 show anyTribe is a race/gender lock, so 'tribe' covers two concepts. All lines are unchanged since MAIN.
en	en:TERM-EN-2	UNPINNED	TERM	P2		MAIN	apps/web-app	en	apps/web-app/src/locales/en.json:1360	Same-model items are called 'twin' ('FIXED BY A TWIN' :1367), 'same look' ('SAME LOOK · {n} ITEMS' :1383) and 'swap' ('Swaps are already in the list below' :1360); bot chips '+{n} LOOK', 'DYES', 'LOCKED' and 'NO GLAM' (bot en.json:614-620).	Optional: add a dictionary row for the twin concept, then pick one noun across web and bot; give the bot chips a legend.	No dictionary row or core value covers twin/look/swap. 'Same look' reads as the definition of 'twin', and picker.sub defines it. '+N' matches the badge text '+2' (glamour-block.ts:957). NO GLAM is an abbreviation on a card chip. This is a style call.
en	en:TERM-EN-3	CONFIRMED	TERM	P3		MAIN	apps/web-app	en	apps/web-app/src/locales/en.json:1414	The list is titled 'Glamour list' (:1399, quoted by PRIVACY.md:51), but its toasts say 'Equipment list copied to clipboard' / "Couldn't save the equipment list" (:1266-1268); one download flow is labelled 'Export .md' (:1265) and then 'Save .md' (:1414).	Say 'Glamour list' in swatch.listCopied/listCopyFailed/listExportFailed, and use one verb ('Export .md') on both the menu and the sheet buttons.	glamour-block.ts:720 opens the sheet in 'save' mode from exportMarkdown, and glamour-sheet.ts:375 downloads under glamour.sheet.save. The two names for one list both appear in this file. The source/acquisition-notes wording is a lesser part of the same class.
en	en:TERM-EN-4	CONFIRMED	TERM	P2		MAIN	apps/web-app	en,de,fr,ja,ko,zh	apps/web-app/src/locales/en.json:1412	glamour.sheet.privacy 'Edits are kept on this device for this outfit' (and PRIVACY.md:61 'rewritten lines for that outfit') uses 'outfit' where the tool says glamour.	Write 'for this glamour' in en and in PRIVACY.md:61, then retranslate to the pinned words (de Projektion, fr mirage, ja ミラプリ, ko 코디, zh 幻化).	Every translation of :1412 followed 'outfit' rather than the glamour word pinned at ffxiv-terminology.md:264: de 'Outfit', fr 'tenue', ja '装備', ko '복장', zh '装扮'. That is a dictionary deviation in 5 locales caused by the English.
en	en:TERM-EN-5	CONFIRMED	TERM	P3		MAIN	apps/web-app (+ apps/discord-worker TERMS_OF_SERVICE.md:29-31)	en	apps/web-app/TERMS_OF_SERVICE.md:15	Policy prose names tools 'Comparison', 'Accessibility checker', 'Budget finder', 'community Presets browser' (TOS:15-17; PRIVACY.md:8-9 also 'Gradient, Mixer'). The UI titles are 'Dye Comparison', 'Accessibility Checker', 'Budget Suggestions', 'Community Presets', and the Discord TOS:31 says 'Budget Alternatives'.	Quote the en.json tools.*.title values in both web policies (Discord TOS may keep the command but should use the same tool name), and carry the change to all six variants.	en.json:51/56/71/77 titles confirmed, and the text is the same at 8ecb878f. 'Budget finder', 'Budget Suggestions' and 'Budget Alternatives' are three names for one tool. The Glamour Reader agrees everywhere.
en	en:I18N-EN-6	CONFIRMED	I18N	P3		PR#230 (web PRIVACY.md); PR#227 (Discord PRIVACY_POLICY.md:116)	apps/web-app + apps/discord-worker	en	apps/web-app/PRIVACY.md:151	'Posts made since the *Last updated* date above do not show your Discord user ID; older posts may' (Discord :116 'since this policy's "Last Updated" date') ties the cutoff to a date that moves with every edit.	Name the fixed date the change shipped (e.g. 'since 4 October 2026') in both English policies and all variants.	Neither sentence exists at 8ecb878f. Ancestry shows they came from 1f752c80/915b9127 (PR#230) and 274407cc/5f83a81f (PR#227). The text is true today but loses its cutoff at the next date bump. It never becomes false, because of the hedge 'may', so P3 rather than P2.
en	en:I18N-EN-7	CONFIRMED	I18N	P3		MAIN	apps/web-app	en	apps/web-app/PRIVACY.md:22	'this document is reached from **About → Privacy**' does not match en.json: the opener is 'About XIV Dye Tools' (header.about :9, about.title :16) and 'Privacy' sits under 'POLICIES' (:29-30).	Quote 'About XIV Dye Tools → Privacy' (or name the POLICIES row) so each locale variant can quote its own header.about value.	The text is present at MAIN and BASE. The opener is an icon button whose tooltip/aria-label is header.about (v4-app-header.ts:648-649). The brief requires quoted UI labels to equal the current <lc>.json value. Low impact.
en	en:I18N-EN-8	REJECTED	I18N	P3		PR#230/PR#227 (policy sentence); MAIN (glamour strings)	apps/web-app	en	apps/web-app/PRIVACY.md:91	'the version from before the first such edit, kept until a moderator restores it or the preset is deleted'; 'Nothing with the same look fixes it'; 'This file wears no gear.'; 'Since 7.4 any job can wear any piece'.	None required.	Both readings of 'restores it' (the version, or the preset to that version) give the same retention outcome. noFix reads clearly in its row context, 'wears no gear' is a style choice, and a bare patch number '7.4' is normal for FFXIV players. A native reader takes no different meaning.
web-app	web-app:W1	CONFIRMED	HC	P3		MAIN	apps/web-app	ja,de,fr,ko,zh	apps/web-app/src/components/glamour-block.ts:1159	Facewear chip title passes `{ color: colour.name }` (core English 'Silver') into swatch.facewearColorTag, so ja reads 'Silver・フェイスウェアカラー'.	Interpolate LanguageService.getFacewearColorName(colour.id), the same call the dye-line at :1143 already uses.	glamour-block.ts:1159 uses colour.name; facewear_colors.json names are English; :1143 uses the localized getFacewearColorName. Blame: a18a2e9e (chara-import.ts era), no PR touches it.
web-app	web-app:W2	CONFIRMED	I18N	P3		MAIN	apps/web-app	en,de,fr	apps/web-app/src/components/glamour-block.ts:518	No plural forms: '{channels} channels · {dyes} dyes' gives '1 dyes'; glamour.row.twins gives 'Same look as 1 other items' / '1 weitere Gegenstände' / '1 autres objets' for a pair (:964, familySize>1); glamour.sheet.sub '1 pieces' (glamour-sheet.ts:143); footnote's `=== 1` (:1497-1501) gives fr '0 pièces portées sont non teintes'.	Add _one/_other variants and select with Intl.PluralRules(lang) as the verdict segments do (fr 0 = one).	All four sites and en/de/fr values at en.json:1255,1380,1400 and fr.json:1272,1274 verified; no PR commit touches these lines, origin MAIN.
web-app	web-app:W3	CONFIRMED	TERM	P2		MAIN	apps/web-app	de	apps/web-app/src/locales/de.json:1390	glamour.fact.dye = 'FARBE ×{n}' uses Farbe (color) for dye; house register requires Farbstoff, which sibling keys use ('Farbstoffe', de.json:1372).	Change to 'FARBSTOFF ×{n}'.	de.json:1390 reads 'FARBE ×{n}' against en 'DYE ×{n}'; the brief's house register bans Farbe for dye. Blame 78ba2cda (2026-09-27), no PR commit, so origin MAIN.
web-app	web-app:W4	REJECTED	I18N	P3		PR#223	apps/web-app	ja	apps/web-app/src/shared/example-link.ts:65	sanitizeExampleLink returns URL.href, so visible example-link text shows percent-encoded non-ASCII ('%E3%83%9F...').	None; keep as designed.	Intended security behavior: the docblock at example-link.ts:54-57 percent-encodes non-ASCII so visible link text cannot be spoofed (FINDING-016). Decoding the display, as proposed, would undo that fix.
web-app	web-app:W5	CONFIRMED	I18N	P3		MAIN	apps/web-app	ja,zh	apps/web-app/src/components/chara-file-card.ts:158	Privacy line built as `${this.privacyHint()} ${note}` puts an ASCII space after '。' in ja/zh (e.g. '…この端末にとどまります。 編集した入手方法は…').	Join with a locale-aware separator (no space for ja/zh), or move the join into a localized key.	The same space join existed at MAIN as `${tSwatch('charaHint')} ${note}`; PR#223 only swapped in the hint. ko writes a space between sentences, so ko is not affected and is dropped from the locales.
bots	bots:B1	CONFIRMED	HC	P1	held P1	MAIN	packages/bot-logic	de,fr,ja,ko,zh	packages/bot-logic/src/commands/chara-identity.ts:24	tribeDisplay() turns the raw enum into English 'SEEKER OF THE SUN' on the /glamour card header (glamour.ts:438 charSub) and the /swatch identifier line (swatch.ts:247) in every locale.	Map the Tribe enum to core ClanKey and add getLocalizedClan() in bot-logic/localization.ts (core LocalizationService.getClan exists, e.g. de seekerOfTheSun='Goldtatze'); uppercase with toLocaleUpperCase(locale).	chara-identity.ts:24-26 only splits camelCase and uppercases; bot-logic has getLocalizedRace but no clan getter while core locales carry clans. No PR touches these files (8ecb878f..HEAD); not in either catalog.	Confirmed, and it is the same at MAIN 8ecb878f. No commit in 8ecb878f..HEAD touches chara-identity.ts, glamour.ts, swatch.ts or localization.ts. At chara-identity.ts:24-26, tribeDisplay() only splits the camelCase enum and calls .toUpperCase(), so it never looks anything up. Its output goes into charSub, which glamour.ts:438 and swatch.ts:247 pass to the card header (glamour-card.ts:183, swatch-card.ts:130), so de/fr/ja/ko/zh users see English like 'SEEKER OF THE SUN'. Under the brief's terminology rule a clan name must equal core's value, and core already has it (de.json:246 seekerOfTheSun='Goldtatze', ja 'サンシーカー'; LocalizationService.getClan exists). bot-logic has getLocalizedRace (localization.ts:176) but no clan getter, even though glamour.ts:232 already uppercases a localized race with toLocaleUpperCase(locale). The web-app's chara-file-card.ts:301 shows the localized clan through LanguageService.getClan, so the bot is inconsistent. A font limit does not excuse it: the mono stack includes Noto Sans JP/SC/KR (frame.ts:154). Clan names are not on the brief's deliberately-English list. This is visible card text rather than a tooltip, so HC stays P1.
bots	bots:B2	CONFIRMED	HC	P1	held P1	MAIN	apps/discord-worker	de,fr,ja,ko,zh	apps/discord-worker/src/utils/chara-attachment.ts:62	Localized card.swatchParseError is filled with English reasons: 'file too large (N bytes)', 'attachment must be uploaded to Discord', 'download failed (404)', 'file too large (over 1048576 bytes)' (lines 62,69,95,102); glamour.ts:84 relays api-worker's English reason into the same slot via bot-logic glamour.ts:377-378.	Give each pre-check its own localized key (tooLarge {size}, notDiscordCdn, downloadFailed {status}) and map api-worker/parser failures to a localized generic reason instead of interpolating error.message.	Lines verified identical at MAIN 8ecb878f; user-visible ephemeral/error reply, so HC visible-text = P1 per the brief table (reviewer's P2 is not an HC tier). Not in either catalog.	The finding holds. In apps/discord-worker/src/utils/chara-attachment.ts, lines 62, 69, 95 and 102 put hardcoded English into the {message} slot of card.swatchParseError. The localized frame (ja: ファイルを読み取れません — {message}) is then followed by an English reason such as "file too large (N bytes)" or "download failed (404)". The same four lines are at MAIN 8ecb878f, so origin is MAIN. packages/bot-logic/src/commands/glamour.ts:377-378 likewise relays api-worker's English 4xx reason, which apps/discord-worker/src/handlers/commands/glamour.ts:74-84 reads from the response body, into the same slot. The brief does not exempt it: its deliberately-English list covers only the raw presets-api response.error, because clients localize that from an ErrorCode, and api-worker's resolve reason is shown to the user. The 2026-08-20 discord-worker i18n audit filed this splice as F-14 LOW, and it was never fixed, so it is still open rather than settled. The English part is the reason the reply gives, so it is half-English text a user sees, which is P1 under the HC table and under the I18N P1 row. A P2 argument exists: the lead clause is localized, these are rare error paths, and the non-Discord-CDN check is nearly unreachable because the URL comes from the signed payload. The brief's table still sets visible HC text at P1.
bots	bots:B3	CONFIRMED	TERM	P2		MAIN	packages/bot-logic	de	packages/bot-logic/src/i18n/locales/de.json:618	card.glamourStatusDye = 'FARBEN' (colors) for the core 'dye' problem (twin has fewer dye channels, chara-game-rules.ts:146); ja/ko/zh say 'can't be dyed'.	Use Farbstoff vocabulary that states the verdict, e.g. 'NICHT FÄRBBAR' (matching ja 染色不可 / ko 염색 불가); consider the same review for fr 'TEINTES'.	House register pins de dye = Farbstoff, never Farbe; a German reader sees 'COLORS', losing the meaning. Locale files only changed in PR d1fdb89a for /stats keys, so MAIN.
bots	bots:B4	CONFIRMED	TERM	P3		MAIN	packages/bot-logic	en,de	packages/bot-logic/src/i18n/locales/de.json:619	card.glamourStatusGlamour 'KEINE PROJ' (de) and 'NO GLAM' (en) abbreviate the verdict web-app writes as 'KEINE PROJEKTION' / 'NO GLAMOUR' (glamour.fact.noGlamour).	Use the full dictionary noun ('KEINE PROJEKTION', 'NO GLAMOUR') and widen the status column as the slot column was, rather than inventing a short form.	Dictionary glamour row is de Projektion and its 'no short forms' note rejects invented abbreviations; fr 'NON MIRAGE' vs 'PAS DE MIRAGE' and zh 无法幻化 vs 不可幻化 are defensible equivalents, so narrowed to en/de.
bots	bots:B5	CONFIRMED	I18N	P3		MAIN	packages/bot-logic	en,de,fr	packages/bot-logic/src/i18n/locales/en.json:614	card.glamourLooks '+{n} LOOK' / '+{n} OPTIK' / '+{n} ASPECT' is rendered with t() for any twins count > 0 (glamour.ts:428), so a card reads '+3 LOOK' / '+3 ASPECT'.	Split into glamourLooks_one/_other in all six locales and call t.tc('card.glamourLooks', p.twins, { n: p.twins }).	glamour.ts:428 passes n via t(), not tc(); the brief requires plurals through tc(); n can exceed 1. Cosmetic chip text, P3.
bots	bots:B6	CONFIRMED	I18N	P3		MAIN	packages/bot-logic	en,ja,de,fr,ko,zh	packages/bot-logic/src/i18n/locales/en.json:690	/glamour's reply sends users to '/manual topic:👤' (glamour.ts:471, 'More on character files:') but manual5.topics.characterFile.body begins '/swatch reads a .chara export…' and never mentions /glamour, in all six locales.	Extend the characterFile topic body in all six locales to cover /glamour (pieces, twins, wearability, GPOSERS list), one commit across locales.	Verified 👤 = character_file topic (schemas.ts:559); every locale's body names only /swatch. The help text a user is pointed to is wrong for that command.
bots	bots:B7	CONFIRMED	I18N	P3		MAIN	packages/bot-logic	ko	packages/bot-logic/src/i18n/locales/ko.json:819	ko commands.glamour/swatch.options.file.description = '`.chara` 캐릭터 파일 (Anamnesis / Ktisis 내보내기)' (lines 819, 833) shows literal backticks; en and the other locales use plain '.chara'.	Drop the backticks in both ko option descriptions to match en '.chara character file (…)'.	Discord does not render markdown in slash-option descriptions; only ko carries backticks at these keys. Cosmetic, P3.
og-svg-fonts	og-svg-fonts:FONT-1	DUPLICATE	FONT	P3		MAIN	packages/svg	all six	packages/svg/src/glamour-card.ts:237	Look-count line ('+{n} OPTIK' / 'ONE LOOK') drawn at `size: 10.5` (glamour-card.ts:211,237,239), below frame.ts's 'Nothing below 11, ever' floor (CARD_TYPE.label = 11).	Use CARD_TYPE.label at :211 and :237-239, then re-check the LEAD_MIN..LEAD_MAX lead-column fit.	Already deep-dive BUG-145 (same lines, same fix). Also the 'only sub-11 size in packages/svg' part is wrong: preset-swatch.ts:294 uses fontSize: 10.
og-svg-fonts	og-svg-fonts:I18N-1	CONFIRMED	I18N	P3		MAIN	packages/svg	de (truncation); all six (count split from noun)	packages/svg/src/glamour-card.ts:113	wrapFoot breaks at plain spaces and ellipsises line 2, so de n>=10 with both clauses gives ['5 von 12 gefärbten Teilen · 3', 'durch Zwilling benannt · 2 ohne L…'], and en gives '… · 3 named from' / 'a twin · …'.	Break the footer only at ' · ' clause boundaries (or keep each count with its noun), and allow a third line or shorten the de clauses so nothing is cut.	Reproduced with base.ts estimateTextWidth and the frame textWidth factor (max 232.7 px). The de line ends 'ohne L…' and the count is split from its noun in en/fr too. Cosmetic because the embed carries the full list. Blamed to bfd393e7 (MAIN); not in either catalog.
og-svg-fonts	og-svg-fonts:I18N-2	REJECTED	I18N	P3		MAIN	packages/svg	de, fr	packages/svg/src/glamour-card.ts:282	Status column width ignores letterSpacing 0.6 for de 'KEINE PROJ' / fr 'NON MIRAGE'.	None needed; optionally add length*0.6 to the statusW measurement.	Untracked 68.2 px makes statusW 69 (not 68); tracked ink is about 74.2 px and spills about 5 px into the 10 px GAP. The name and dye line stop at statusLeft-GAP, so nothing overlaps or is cut, and the user sees no defect.
og-svg-fonts	og-svg-fonts:I18N-3	CONFIRMED	I18N	P3		MAIN	apps/og-worker	de	apps/og-worker/src/services/og-embed.ts:140	de glamour.descriptionDefault 'Jedes Teil, das eine Charakterdatei trägt – mit Farbstoffen, ob das Spiel es tragen lässt, und Bezugsquelle.' joins an ob-clause to the dative 'mit' noun list, which is ungrammatical.	Rephrase as a parallel list, e.g. '… – mit Farbstoffen, Tragbarkeit im Spiel und Bezugsquelle.', or as a full du-sentence.	Line 140 reads exactly this (blame 975175da, MAIN; no MAIN..HEAD change to og-embed.ts). 'mit' cannot govern an 'ob'-clause, so a native reader sees broken German. The meaning can still be worked out, so P3 (crawler text only).
gap-sheet-names-de-fr-zh	gap-sheet-names-de-fr-zh:TERM-DE-1	CONFIRMED	TERM	P2		MAIN	apps/web-app + packages/bot-logic	de	apps/web-app/src/locales/de.json:91,94,1229,1231,1232,1234,1237,1239,1241,1245,1246; packages/bot-logic/src/i18n/locales/de.json:72,690	de sheet names diverge from core `sheets` (Strähnchen / Tätowierung/Limbus / Gesichtsbemalung): web `Strähnen` (:1229/:1237/:1245), `Tattoo/Limbal-Farben` (:94), `Limbal-Ring` (:1232), `Tattoo / Limbal` (:1239), `Schminke` (:1234/:1241/:1246, while :95 says `Gesichtsbemalung`); bot :72/:690 `Highlights`, `Tattoo/Limbalring`.	Use core's de `sheets` nouns in web swatch.slot*/pal*/absent* and tools.character.tattooColors, and in bot commands.swatch description + manual5 characterFile body (Strähnchen, Tätowierung/Limbus, Gesichtsbemalung).	Verified at HEAD: core de.json:220/223/224 vs web and bot lines as quoted; all keys used (chara-ui.ts:102-110, swatch-tool.ts:1173-1189, :1765). Unchanged 8ecb878f..HEAD (only privacyNote changed). Core value pins it; not in either catalog. Merges DE-2/DE-3 per one-row-per-class-per-file (ko UKO-3 precedent).
gap-sheet-names-de-fr-zh	gap-sheet-names-de-fr-zh:TERM-DE-2	REJECTED	TERM	P2		MAIN	apps/web-app + packages/bot-logic	de	apps/web-app/src/locales/de.json:94,1231,1232,1239; packages/bot-logic/src/i18n/locales/de.json:592,593	Tattoo/limbal: web `Tattoo/Limbal-Farben`, `Limbal-Ring`, `Tattoo / Limbal` vs core `Tätowierung/Limbus`.	See TERM-DE-1.	merged into gap-sheet-names-de-fr-zh:TERM-DE-1
gap-sheet-names-de-fr-zh	gap-sheet-names-de-fr-zh:TERM-DE-3	REJECTED	TERM	P2		MAIN	apps/web-app	de	apps/web-app/src/locales/de.json:1234,1241,1246	Face paint `Schminke` vs core `Gesichtsbemalung`.	See TERM-DE-1.	merged into gap-sheet-names-de-fr-zh:TERM-DE-1
gap-sheet-names-de-fr-zh	gap-sheet-names-de-fr-zh:TERM-FR-1	CONFIRMED	TERM	P2		MAIN	apps/web-app + packages/bot-logic	fr	apps/web-app/src/locales/fr.json:94,1232,1239; packages/bot-logic/src/i18n/locales/fr.json:72,690	fr limbal half has three names: core `Tatouage/Limbe` and bot card `LIMBE` (:593) vs web `Couleurs de tatouage/limbal` (:94), `Anneau limbal` (:1232), `Tatouage / Limbal` (:1239) and bot `tatouage/anneau limbal` (:72/:690).	Align web tattooColors/slotLimbal/palTattoo and bot :72/:690 to core's `Limbe` (e.g. `Tatouage / Limbe`).	Lines read at HEAD match the claim; core fr.json:223 `Tatouage/Limbe`. Keys rendered (chara-ui.ts:106, swatch-tool.ts:1765). No PR touched them; not in either catalog.
gap-sheet-names-de-fr-zh	gap-sheet-names-de-fr-zh:I18N-FR-1	CONFIRMED	I18N	P3		MAIN	apps/web-app	fr	apps/web-app/src/locales/fr.json:92,93,95,96	`Couleurs de lèvres (Foncé)` / `(Clair)` and `Peinture faciale (Foncé)` / `(Clair)` put a masculine singular on feminine nouns; core fr.json:221-225 has `(foncées)`/`(claires)`/`(foncée)`/`(claire)`.	Use core's agreed forms (`Couleurs des lèvres (foncées)`, `Peinture faciale (foncée)`, etc.).	Text confirmed at HEAD; meaning is clear but the agreement is ungrammatical against a core value that already holds the correct form, so cosmetic P3. Origin MAIN; not in either catalog.
gap-sheet-names-de-fr-zh	gap-sheet-names-de-fr-zh:TERM-ZH-1	CONFIRMED	TERM	P2		MAIN	apps/web-app + packages/bot-logic	zh	apps/web-app/src/locales/zh.json:94,1231,1232,1239; packages/bot-logic/src/i18n/locales/zh.json:72,593,690	zh web uses both `纹身` (:94) and `刺青` (slotTattoo :1231, palTattoo :1239) for tattoo, and the limbal half is `虹膜` in core, `轮环` (web :94) and `角膜环` (web :1232/:1239, bot :593/:72/:690).	Align web and bot to core zh `纹身/虹膜` (one tattoo word, one limbal word).	Verified at HEAD against core zh.json:223 `纹身/虹膜`; split exists inside web zh.json itself. Unchanged by PRs; not in either catalog.
gap-sheet-names-de-fr-zh	gap-sheet-names-de-fr-zh:TERM-BOT-ABBR	REJECTED	TERM	P3		MAIN	packages/bot-logic	de, fr, zh	packages/bot-logic/src/i18n/locales/de.json:588-593	Bot card slot heads `STRÄHN`, `BEMAL`, `TÄTOW.`, `PEINT.`, `TATOU.`, `CHEV.`, zh `彩绘` are truncations.	None.	en itself abbreviates these space-limited column heads with mixed dots (`TATT.`, `HL`, `PAINT`); de/fr/zh mirror that, every head reads unambiguously, and the stems match core. This is a style choice, not a wrong or split term.
gap-sheet-names-de-fr-zh	gap-sheet-names-de-fr-zh:TERM-ZH-2	UNPINNED	TERM	P3		MAIN	apps/web-app + packages/bot-logic	zh	apps/web-app/src/locales/zh.json:1273,1329,1330; packages/bot-logic/src/i18n/locales/zh.json:584,604	Color slot is `栏位` on web (`1 个栏位为空`, `无法读取此栏位`) but `部位` on the bot card (`部位`, `{slot}在此文件中不是有效部位`).	Only if the dictionary adds a row for "slot": pick one word for both surfaces.	The split is real, but "slot" has no dictionary row or core value, so choosing a word would rest on fluency alone. The terms sit on separate products and each is used consistently within its own file.
gap-glamour-card-cjk-fallback	gap-glamour-card-cjk-fallback:I18N-GLAM-1	CONFIRMED	I18N	P2		MAIN	apps/discord-worker	ko, zh, ja	packages/bot-logic/src/commands/glamour.ts:431	Card row draws `name: canDraw(p.name) ? p.name : p.nameEn`, and the CJK subsets hold no item names, so ko cards show English for 18,120/28,986 (62.5%) and zh for 28,223/28,992 (97.3%) of equippable items. ja cannot be measured.	Add item-name codepoints to discord-worker's subset-cjk-fonts.py inputs (about +363 Hangul and +1,171 hanzi, within the 3 MiB gzip cap). If that does not fit, record the English-card fallback as accepted, with these rates.	Line 431 matches, and the worker passes canDraw = filterToRenderable(...).dropped === 0 (handlers/commands/glamour.ts:153). Re-running the 2,486-codepoint union over item-names.{ko,zh}.json gives the same counts. Blame is bfd393e7 and nothing changed in 8ecb878f..HEAD. Not in either catalog.
