"coffer_id","coffer","equipment_count","equipment_ids","acquisition"
"20275","Chivalrous Armor Coffer (IL 290)","7","17742;17743;17744;17745;17746;17817;17832","Raising the Sword (Sidequest)"
"20276","Pacifist's Attire Coffer (IL 290)","6","17747;17748;17749;17750;17751;17818","The Power to Protect (Sidequest)"
"20277","Brutal Armor Coffer (IL 290)","6","17752;17753;17754;17755;17756;17819","The Heart of the Problem (Sidequest)"
"20303","Trueblood Attire Coffer (IL 290)","6","17757;17758;17759;17760;17761;17820","Dragon Sound (Sidequest)"
"20278","Storyteller's Attire Coffer (IL 290)","6","17762;17763;17764;17765;17766;17821","Sweet Dreams Are Made of Peace (Sidequest)"
"20279","Seventh Heaven Attire Coffer (IL 290)","6","17767;17768;17769;17770;17771;17825","What She Always Wanted (Sidequest)"
"20280","Seventh Hell Attire Coffer (IL 290)","6","17772;17773;17774;17775;17776;17826","One Golem to Rule Them All (Sidequest)"
"20281","Channeler's Attire Coffer (IL 290)","6","17777;17778;17779;17780;17781;17827","An Art for the Living (Sidequest)"
"20282","Orator's Attire Coffer (IL 290)","6","17782;17783;17784;17785;17786;17828","Our Unsung Heroes (Sidequest)"
"20283","Kage-kakushi Attire Coffer (IL 290)","6","17787;17788;17789;17790;17791;17822","When Clans Collide (Sidequest)"
"20284","Abyss Armor Coffer (IL 290)","6","17792;17793;17794;17795;17796;17823","Our Compromise (Sidequest)"
"20285","Gunner's Attire Coffer (IL 290)","6","17797;17798;17799;17800;17801;17824","The Mongrel and the Knight (Sidequest)"
"20286","Constellation Attire Coffer (IL 290)","6","17802;17803;17804;17805;17806;17829","Foxfire (Sidequest)"
"20287","Myochin Attire Coffer (IL 290)","6","17807;17808;17809;17810;17811;17830","The Battle on Bekko (Sidequest)"
"20288","Duelist's Attire Coffer (IL 290)","6","17812;17813;17814;17815;17816;17831","With Heart and Steel (Sidequest)"
"20620","Nameless Armor Coffer (IL 115)","5","20460;20461;20462;20463;20464","The Way of the Samurai (Sidequest)"
"20621","Red Attire Coffer (IL 115)","5","20465;20466;20467;20468;20469","Taking the Red (Sidequest)"
"21068","Hellhound Attire Coffer","5","20977;20978;20979;20980;20981","Seasonal Quartermaster - Wolves' Den Pier (The Feast Ranking Reward; No Longer Obtainable)"
"22402","Grey Hound Armor Coffer","5","22362;22363;22364;22365;22366","Seasonal Quartermaster - Wolves' Den Pier (The Feast Ranking Reward; No Longer Obtainable)"
"23380","Endless Summer Coffer","4","23017;23018;23019;23226","FFXIV Online Store"
"24340","Barghest Attire Coffer","5","23038;23039;23040;23041;23042","Seasonal Quartermaster - Wolves' Den Pier (The Feast Ranking Reward; No Longer Obtainable)"
"24341","Moddey Dhoo Attire Coffer","5","24192;24193;24194;24195;24196","Seasonal Quartermaster - Wolves' Den Pier (The Feast Ranking Reward; No Longer Obtainable)"
"24588","Magus's Attire Coffer (IL 130)","5","24552;24553;24554;24555;24556","The Real Folk Blues (Sidequest)"
"24587","True Blue Attire Coffer (IL 1)","5","24582;24583;24584;24585;24586","Out of the Blue (Sidequest)"
"27969","Scion Traveler's Attire Coffer","5","24594;24595;24596;24597;24598","A Requiem for Heroes (Main Story Quest)"
"27266","Outsider's Attire Coffer (IL 255)","5","27256;27257;27258;27259;27260","The Makings of a Gunbreaker (Sidequest)"
"27267","Softstepper's Attire Coffer (IL 255)","5","27261;27262;27263;27264;27265","Shall We Dance (Sidequest)"
"27338","Koro Armor Coffer","5","27333;27334;27335;27336;27337","Seasonal Quartermaster - Wolves' Den Pier (The Feast Ranking Reward; No Longer Obtainable)"
"27344","Gunro Armor Coffer","5","27339;27340;27341;27342;27343","Seasonal Quartermaster - Wolves' Den Pier (The Feast Ranking Reward; No Longer Obtainable)"
"30271","Coffer o' Kupos","4","30048;30049;30050;30051","Lizbeth - Ishgard - The Firmament (Kupo of Fortune)"
"33144","Casual Attire Coffer","3","30759;30760;30761","Lizbeth - Ishgard - The Firmament (Kupo of Fortune)"
"31630","Hraesvelgr Attire Coffer","5","30762;30763;30764;30765;30766","Lizbeth - Ishgard - The Firmament (Kupo of Fortune)"
"32866","Mirage Gear Coffer (IL 400)","5","32646;32647;32648;32649;32650","Master of Mimicry (Sidequest)"
"33450","Shadowstalker's Attire Coffer","5","33445;33446;33447;33448;33449","Seasonal Quartermaster - Wolves' Den Pier (The Feast Ranking Reward; No Longer Obtainable)"
"33460","Shadowcleaver's Attire Coffer","5","33455;33456;33457;33458;33459","Seasonal Quartermaster - Wolves' Den Pier (The Feast Ranking Reward; No Longer Obtainable)"
"33838","Peacelover's Attire Coffer","5","33667;33668;33669;33670;33671","Enie - Ishgard - The Firmament (50 Fête Tokens)"
"37493","Appointed Attire Coffer","5","36844;36845;36846;36847;36848","A Gift from House Leveilleur (Sidequest)"
"44352","Loose Fit Attire Coffer","5","44640;44641;44642;44643;44644","PvP Series 7 - Level 25 (No Longer Obtainable)"
"44660","Dawnblazer Attire Coffer","5","44655;44656;44657;44658;44659","His Heart Blazes On (Sidequest)"
"47224","Air Cell Attire Coffer","5","47202;47203;47204;47205;47206","PvP Series 9 - Level 25 (No Longer Obtainable)"
