"Item ID","Name","Coffer","Only route","Current acquisition"
"6059","Melee Circlet","Melee Attire Coffer (IL 90)","false","Kakalan - Mor Dhona - Revenant's Toll (1 Antique Helms) / Melee Attire Coffer (IL 90)"
"6060","Melee Cyclas","Melee Attire Coffer (IL 90)","false","Kakalan - Mor Dhona - Revenant's Toll (1 Antique Mail) / Melee Attire Coffer (IL 90)"
"6061","Melee Gloves","Melee Attire Coffer (IL 90)","false","Kakalan - Mor Dhona - Revenant's Toll (1 Antique Gauntlets) / Melee Attire Coffer (IL 90)"
"6062","Melee Gaskins","Melee Attire Coffer (IL 90)","false","Kakalan - Mor Dhona - Revenant's Toll (1 Antique Breeches) / Melee Attire Coffer (IL 90)"
"6063","Melee Boots","Melee Attire Coffer (IL 90)","false","Kakalan - Mor Dhona - Revenant's Toll (1 Antique Sollerets) / Melee Attire Coffer (IL 90)"
"6069","Bard's Chapeau","Bard's Attire Coffer (IL 90)","false","Kakalan - Mor Dhona - Revenant's Toll (1 Antique Helms) / Bard's Attire Coffer (IL 90)"
"6070","Bard's Shirt","Bard's Attire Coffer (IL 90)","false","Kakalan - Mor Dhona - Revenant's Toll (1 Antique Mail) / Bard's Attire Coffer (IL 90)"
"6071","Bard's Ringbands","Bard's Attire Coffer (IL 90)","false","Kakalan - Mor Dhona - Revenant's Toll (1 Antique Gauntlets) / Bard's Attire Coffer (IL 90)"
"6072","Bard's Tights","Bard's Attire Coffer (IL 90)","false","Kakalan - Mor Dhona - Revenant's Toll (1 Antique Breeches) / Bard's Attire Coffer (IL 90)"
"6073","Bard's Sandals","Bard's Attire Coffer (IL 90)","false","Kakalan - Mor Dhona - Revenant's Toll (1 Antique Sollerets) / Bard's Attire Coffer (IL 90)"
"6074","Cleric's Circlet","Cleric's Attire Coffer (IL 90)","false","Kakalan - Mor Dhona - Revenant's Toll (1 Antique Helms) / Cleric's Attire Coffer (IL 90)"
"6075","Cleric's Robe","Cleric's Attire Coffer (IL 90)","false","Kakalan - Mor Dhona - Revenant's Toll (1 Antique Mail) / Cleric's Attire Coffer (IL 90)"
"6076","Cleric's Gloves","Cleric's Attire Coffer (IL 90)","false","Kakalan - Mor Dhona - Revenant's Toll (1 Antique Gauntlets) / Cleric's Attire Coffer (IL 90)"
"6077","Cleric's Culottes","Cleric's Attire Coffer (IL 90)","false","Kakalan - Mor Dhona - Revenant's Toll (1 Antique Breeches) / Cleric's Attire Coffer (IL 90)"
"6078","Cleric's Boots","Cleric's Attire Coffer (IL 90)","false","Kakalan - Mor Dhona - Revenant's Toll (1 Antique Sollerets) / Cleric's Attire Coffer (IL 90)"
"6079","Sorcerer's Petasos","Sorcerer's Attire Coffer (IL 90)","false","Kakalan - Mor Dhona - Revenant's Toll (1 Antique Helms) / Sorcerer's Attire Coffer (IL 90)"
"6080","Sorcerer's Coat","Sorcerer's Attire Coffer (IL 90)","false","Kakalan - Mor Dhona - Revenant's Toll (1 Antique Mail) / Sorcerer's Attire Coffer (IL 90)"
"6081","Sorcerer's Gloves","Sorcerer's Attire Coffer (IL 90)","false","Kakalan - Mor Dhona - Revenant's Toll (1 Antique Gauntlets) / Sorcerer's Attire Coffer (IL 90)"
"6082","Sorcerer's Tonban","Sorcerer's Attire Coffer (IL 90)","false","Kakalan - Mor Dhona - Revenant's Toll (1 Antique Breeches) / Sorcerer's Attire Coffer (IL 90)"
"6083","Sorcerer's Crakows","Sorcerer's Attire Coffer (IL 90)","false","Kakalan - Mor Dhona - Revenant's Toll (1 Antique Sollerets) / Sorcerer's Attire Coffer (IL 90)"
"6084","Summoner's Horn","Summoner's Attire Coffer (IL 90)","false","Kakalan - Mor Dhona - Revenant's Toll (1 Antique Helms) / Summoner's Attire Coffer (IL 90)"
"6085","Summoner's Doublet","Summoner's Attire Coffer (IL 90)","false","Kakalan - Mor Dhona - Revenant's Toll (1 Antique Mail) / Summoner's Attire Coffer (IL 90)"
"6086","Summoner's Ringbands","Summoner's Attire Coffer (IL 90)","false","Kakalan - Mor Dhona - Revenant's Toll (1 Antique Gauntlets) / Summoner's Attire Coffer (IL 90)"
"6087","Summoner's Waistclout","Summoner's Attire Coffer (IL 90)","false","Kakalan - Mor Dhona - Revenant's Toll (1 Antique Breeches) / Summoner's Attire Coffer (IL 90)"
"6088","Summoner's Thighboots","Summoner's Attire Coffer (IL 90)","false","Kakalan - Mor Dhona - Revenant's Toll (1 Antique Sollerets) / Summoner's Attire Coffer (IL 90)"
"6089","Argute Mortarboard","Argute Attire Coffer (IL 90)","false","Kakalan - Mor Dhona - Revenant's Toll (1 Antique Helms) / Argute Attire Coffer (IL 90)"
"6090","Argute Gown","Argute Attire Coffer (IL 90)","false","Kakalan - Mor Dhona - Revenant's Toll (1 Antique Mail) / Argute Attire Coffer (IL 90)"
"6091","Argute Gloves","Argute Attire Coffer (IL 90)","false","Kakalan - Mor Dhona - Revenant's Toll (1 Antique Gauntlets) / Argute Attire Coffer (IL 90)"
"6092","Argute Culottes","Argute Attire Coffer (IL 90)","false","Kakalan - Mor Dhona - Revenant's Toll (1 Antique Breeches) / Argute Attire Coffer (IL 90)"
"6093","Argute Boots","Argute Attire Coffer (IL 90)","false","Kakalan - Mor Dhona - Revenant's Toll (1 Antique Sollerets) / Argute Attire Coffer (IL 90)"
"7504","Gold Spectacles","Astrologian's Attire Coffer (IL 90)","false","Crafted (GSM Lvl. 50) / Astrologian's Attire Coffer (IL 90)"
"7505","Cashmere Robe of Healing","Astrologian's Attire Coffer (IL 90)","false","Crafted (WVR Lvl. 50) / Astrologian's Attire Coffer (IL 90)"
"7506","Saurian Gloves of Healing","Astrologian's Attire Coffer (IL 90)","false","Crafted (LTW Lvl. 50) / Astrologian's Attire Coffer (IL 90)"
"7507","Cashmere Skirt of Healing","Astrologian's Attire Coffer (IL 90)","false","Crafted (WVR Lvl. 50) / Astrologian's Attire Coffer (IL 90)"
"7508","Saurian Boots of Healing","Astrologian's Attire Coffer (IL 90)","false","Crafted (LTW Lvl. 50) / Astrologian's Attire Coffer (IL 90)"
"11784","Tantra Tantour","Tantra Attire Coffer (IL 210)","false","Seika - Idyllshire (Antiquated Tantra Tantour, 100 Allagan Tomestones of Poetics) / Yolaine - Ishgard - Foundation (70 Centurio Seals) / Tantra Attire Coffer (IL 210)"
"11785","Tantra Chestwrap","Tantra Attire Coffer (IL 210)","false","Seika - Idyllshire (Antiquated Tantra Chestwrap, 100 Allagan Tomestones of Poetics) / Yolaine - Ishgard - Foundation (120 Centurio Seals) / Tantra Attire Coffer (IL 210)"
"11786","Tantra Wristwraps","Tantra Attire Coffer (IL 210)","false","Seika - Idyllshire (Antiquated Tantra Wristwraps, 100 Allagan Tomestones of Poetics) / Yolaine - Ishgard - Foundation (70 Centurio Seals) / Tantra Attire Coffer (IL 210)"
"11787","Tantra Galligaskins","Tantra Attire Coffer (IL 210)","false","Seika - Idyllshire (Antiquated Tantra Galligaskins, 100 Allagan Tomestones of Poetics) / Yolaine - Ishgard - Foundation (120 Centurio Seals) / Tantra Attire Coffer (IL 210)"
"11788","Tantra Gaiters","Tantra Attire Coffer (IL 210)","false","Seika - Idyllshire (Antiquated Tantra Gaiters, 100 Allagan Tomestones of Poetics) / Yolaine - Ishgard - Foundation (70 Centurio Seals) / Tantra Attire Coffer (IL 210)"
"11799","Aoidos' Turban","Aoidos' Attire Coffer (IL 210)","false","Seika - Idyllshire (Antiquated Aoidos' Turban, 100 Allagan Tomestones of Poetics) / Yolaine - Ishgard - Foundation (70 Centurio Seals) / Aoidos' Attire Coffer (IL 210)"
"11800","Aoidos' Cloak","Aoidos' Attire Coffer (IL 210)","false","Seika - Idyllshire (Antiquated Aoidos' Cloak, 100 Allagan Tomestones of Poetics) / Yolaine - Ishgard - Foundation (120 Centurio Seals) / Aoidos' Attire Coffer (IL 210)"
"11801","Aoidos' Shoulder Gloves","Aoidos' Attire Coffer (IL 210)","false","Seika - Idyllshire (Antiquated Aoidos' Shoulder Gloves, 100 Allagan Tomestones of Poetics) / Yolaine - Ishgard - Foundation (70 Centurio Seals) / Aoidos' Attire Coffer (IL 210)"
"11802","Aoidos' Tights","Aoidos' Attire Coffer (IL 210)","false","Seika - Idyllshire (Antiquated Aoidos' Tights, 100 Allagan Tomestones of Poetics) / Yolaine - Ishgard - Foundation (120 Centurio Seals) / Aoidos' Attire Coffer (IL 210)"
"11803","Aoidos' Thighboots","Aoidos' Attire Coffer (IL 210)","false","Seika - Idyllshire (Antiquated Aoidos' Thighboots, 100 Allagan Tomestones of Poetics) / Yolaine - Ishgard - Foundation (70 Centurio Seals) / Aoidos' Attire Coffer (IL 210)"
"11819","Orison Hood","Orison Attire Coffer (IL 210)","false","Seika - Idyllshire (Antiquated Orison Hood, 100 Allagan Tomestones of Poetics) / Yolaine - Ishgard - Foundation (70 Centurio Seals) / Orison Attire Coffer (IL 210)"
"11820","Orison Robe","Orison Attire Coffer (IL 210)","false","Seika - Idyllshire (Antiquated Orison Robe, 100 Allagan Tomestones of Poetics) / Yolaine - Ishgard - Foundation (120 Centurio Seals) / Orison Attire Coffer (IL 210)"
"11821","Orison Fingerless Gloves","Orison Attire Coffer (IL 210)","false","Seika - Idyllshire (Antiquated Orison Fingerless Gloves, 100 Allagan Tomestones of Poetics) / Yolaine - Ishgard - Foundation (70 Centurio Seals) / Orison Attire Coffer (IL 210)"
"11822","Orison Skirt","Orison Attire Coffer (IL 210)","false","Seika - Idyllshire (Antiquated Orison Skirt, 100 Allagan Tomestones of Poetics) / Yolaine - Ishgard - Foundation (120 Centurio Seals) / Orison Attire Coffer (IL 210)"
"11823","Orison Thighboots","Orison Attire Coffer (IL 210)","false","Seika - Idyllshire (Antiquated Orison Thighboots, 100 Allagan Tomestones of Poetics) / Yolaine - Ishgard - Foundation (70 Centurio Seals) / Orison Attire Coffer (IL 210)"
"11824","Goetia Tricorne","Goetia Attire Coffer (IL 210)","false","Seika - Idyllshire (Antiquated Goetia Tricorne, 100 Allagan Tomestones of Poetics) / Yolaine - Ishgard - Foundation (70 Centurio Seals) / Goetia Attire Coffer (IL 210)"
"11825","Goetia Coat","Goetia Attire Coffer (IL 210)","false","Seika - Idyllshire (Antiquated Goetia Coat, 100 Allagan Tomestones of Poetics) / Yolaine - Ishgard - Foundation (120 Centurio Seals) / Goetia Attire Coffer (IL 210)"
"11826","Goetia Gloves","Goetia Attire Coffer (IL 210)","false","Seika - Idyllshire (Antiquated Goetia Gloves, 100 Allagan Tomestones of Poetics) / Yolaine - Ishgard - Foundation (70 Centurio Seals) / Goetia Attire Coffer (IL 210)"
"11827","Goetia Chausses","Goetia Attire Coffer (IL 210)","false","Seika - Idyllshire (Antiquated Goetia Chausses, 100 Allagan Tomestones of Poetics) / Yolaine - Ishgard - Foundation (120 Centurio Seals) / Goetia Attire Coffer (IL 210)"
"11828","Goetia Thighboots","Goetia Attire Coffer (IL 210)","false","Seika - Idyllshire (Antiquated Goetia Thighboots, 100 Allagan Tomestones of Poetics) / Yolaine - Ishgard - Foundation (70 Centurio Seals) / Goetia Attire Coffer (IL 210)"
"11829","Caller's Horn","Caller's Attire Coffer (IL 210)","false","Seika - Idyllshire (Antiquated Caller's Horn, 100 Allagan Tomestones of Poetics) / Yolaine - Ishgard - Foundation (70 Centurio Seals) / Caller's Attire Coffer (IL 210)"
"11830","Caller's Himation","Caller's Attire Coffer (IL 210)","false","Seika - Idyllshire (Antiquated Caller's Himation, 100 Allagan Tomestones of Poetics) / Yolaine - Ishgard - Foundation (120 Centurio Seals) / Caller's Attire Coffer (IL 210)"
"11831","Caller's Armlets","Caller's Attire Coffer (IL 210)","false","Seika - Idyllshire (Antiquated Caller's Armlets, 100 Allagan Tomestones of Poetics) / Yolaine - Ishgard - Foundation (70 Centurio Seals) / Caller's Attire Coffer (IL 210)"
"11832","Caller's Loincloth","Caller's Attire Coffer (IL 210)","false","Seika - Idyllshire (Antiquated Caller's Loincloth, 100 Allagan Tomestones of Poetics) / Yolaine - Ishgard - Foundation (120 Centurio Seals) / Caller's Attire Coffer (IL 210)"
"11833","Caller's Sandals","Caller's Attire Coffer (IL 210)","false","Seika - Idyllshire (Antiquated Caller's Sandals, 100 Allagan Tomestones of Poetics) / Yolaine - Ishgard - Foundation (70 Centurio Seals) / Caller's Attire Coffer (IL 210)"
"11834","Savant's Top Hat","Savant's Attire Coffer (IL 210)","false","Seika - Idyllshire (Antiquated Savant's Top Hat, 100 Allagan Tomestones of Poetics) / Yolaine - Ishgard - Foundation (70 Centurio Seals) / Savant's Attire Coffer (IL 210)"
"11835","Savant's Overcoat","Savant's Attire Coffer (IL 210)","false","Seika - Idyllshire (Antiquated Savant's Overcoat, 100 Allagan Tomestones of Poetics) / Yolaine - Ishgard - Foundation (120 Centurio Seals) / Savant's Attire Coffer (IL 210)"
"11836","Savant's Aethercell Gloves","Savant's Attire Coffer (IL 210)","false","Seika - Idyllshire (Antiquated Savant's Aethercell Gloves, 100 Allagan Tomestones of Poetics) / Yolaine - Ishgard - Foundation (70 Centurio Seals) / Savant's Attire Coffer (IL 210)"
"11837","Savant's Culottes","Savant's Attire Coffer (IL 210)","false","Seika - Idyllshire (Antiquated Savant's Culottes, 100 Allagan Tomestones of Poetics) / Yolaine - Ishgard - Foundation (120 Centurio Seals) / Savant's Attire Coffer (IL 210)"
"11838","Savant's Boots","Savant's Attire Coffer (IL 210)","false","Seika - Idyllshire (Antiquated Savant's Boots, 100 Allagan Tomestones of Poetics) / Yolaine - Ishgard - Foundation (70 Centurio Seals) / Savant's Attire Coffer (IL 210)"
"11839","Welkin Hat","Welkin Attire Coffer (IL 210)","false","Seika - Idyllshire (Antiquated Welkin Hat, 100 Allagan Tomestones of Poetics) / Yolaine - Ishgard - Foundation (70 Centurio Seals) / Welkin Attire Coffer (IL 210)"
"11840","Welkin Robe","Welkin Attire Coffer (IL 210)","false","Seika - Idyllshire (Antiquated Welkin Robe, 100 Allagan Tomestones of Poetics) / Yolaine - Ishgard - Foundation (120 Centurio Seals) / Welkin Attire Coffer (IL 210)"
"11841","Welkin Half Sleeves","Welkin Attire Coffer (IL 210)","false","Seika - Idyllshire (Antiquated Welkin Half Sleeves, 100 Allagan Tomestones of Poetics) / Yolaine - Ishgard - Foundation (70 Centurio Seals) / Welkin Attire Coffer (IL 210)"
"11842","Welkin Breeches","Welkin Attire Coffer (IL 210)","false","Seika - Idyllshire (Antiquated Welkin Breeches, 100 Allagan Tomestones of Poetics) / Yolaine - Ishgard - Foundation (120 Centurio Seals) / Welkin Attire Coffer (IL 210)"
"11843","Welkin Shoes","Welkin Attire Coffer (IL 210)","false","Seika - Idyllshire (Antiquated Welkin Shoes, 100 Allagan Tomestones of Poetics) / Yolaine - Ishgard - Foundation (70 Centurio Seals) / Welkin Attire Coffer (IL 210)"
"16599","Cashmere Hood","Cashmere Attire Coffer","false","Crafted (WVR Lvl. 60) / Cashmere Attire Coffer"
"16600","Cashmere Poncho","Cashmere Attire Coffer","false","Crafted (WVR Lvl. 60) / Cashmere Attire Coffer"
"16601","Fur-lined Saurian Boots","Cashmere Attire Coffer","false","Crafted (LTW Lvl. 60) / Cashmere Attire Coffer"
"16910","Cashmere Slops","Cashmere Attire Coffer","false","Crafted (WVR Lvl. 60) / Cashmere Attire Coffer"
"17747","Antiquated Pacifist's Circlet","Pacifist's Attire Coffer (IL 290)","true","Pacifist's Attire Coffer (IL 290)"
"17748","Antiquated Pacifist's Vest","Pacifist's Attire Coffer (IL 290)","true","Pacifist's Attire Coffer (IL 290)"
"17749","Antiquated Pacifist's Armguards","Pacifist's Attire Coffer (IL 290)","true","Pacifist's Attire Coffer (IL 290)"
"17750","Antiquated Pacifist's Gaskins","Pacifist's Attire Coffer (IL 290)","true","Pacifist's Attire Coffer (IL 290)"
"17751","Antiquated Pacifist's Boots","Pacifist's Attire Coffer (IL 290)","true","Pacifist's Attire Coffer (IL 290)"
"17757","Antiquated Trueblood Armet","Trueblood Attire Coffer (IL 290)","true","Trueblood Attire Coffer (IL 290)"
"17758","Antiquated Trueblood Mail","Trueblood Attire Coffer (IL 290)","true","Trueblood Attire Coffer (IL 290)"
"17759","Antiquated Trueblood Gauntlets","Trueblood Attire Coffer (IL 290)","true","Trueblood Attire Coffer (IL 290)"
"17760","Antiquated Trueblood Brais","Trueblood Attire Coffer (IL 290)","true","Trueblood Attire Coffer (IL 290)"
"17761","Antiquated Trueblood Greaves","Trueblood Attire Coffer (IL 290)","true","Trueblood Attire Coffer (IL 290)"
"17762","Antiquated Storyteller's Chapeau","Storyteller's Attire Coffer (IL 290)","true","Storyteller's Attire Coffer (IL 290)"
"17763","Antiquated Storyteller's Coat","Storyteller's Attire Coffer (IL 290)","true","Storyteller's Attire Coffer (IL 290)"
"17764","Antiquated Storyteller's Gloves","Storyteller's Attire Coffer (IL 290)","true","Storyteller's Attire Coffer (IL 290)"
"17765","Antiquated Storyteller's Bottoms","Storyteller's Attire Coffer (IL 290)","true","Storyteller's Attire Coffer (IL 290)"
"17766","Antiquated Storyteller's Boots","Storyteller's Attire Coffer (IL 290)","true","Storyteller's Attire Coffer (IL 290)"
"17767","Antiquated Seventh Heaven Circlet","Seventh Heaven Attire Coffer (IL 290)","true","Seventh Heaven Attire Coffer (IL 290)"
"17768","Antiquated Seventh Heaven Top","Seventh Heaven Attire Coffer (IL 290)","true","Seventh Heaven Attire Coffer (IL 290)"
"17769","Antiquated Seventh Heaven Fingerless Gloves","Seventh Heaven Attire Coffer (IL 290)","true","Seventh Heaven Attire Coffer (IL 290)"
"17770","Antiquated Seventh Heaven Bottoms","Seventh Heaven Attire Coffer (IL 290)","true","Seventh Heaven Attire Coffer (IL 290)"
"17771","Antiquated Seventh Heaven Thighboots","Seventh Heaven Attire Coffer (IL 290)","true","Seventh Heaven Attire Coffer (IL 290)"
"17772","Antiquated Seventh Hell Petasos","Seventh Hell Attire Coffer (IL 290)","true","Seventh Hell Attire Coffer (IL 290)"
"17773","Antiquated Seventh Hell Coat","Seventh Hell Attire Coffer (IL 290)","true","Seventh Hell Attire Coffer (IL 290)"
"17774","Antiquated Seventh Hell Gloves","Seventh Hell Attire Coffer (IL 290)","true","Seventh Hell Attire Coffer (IL 290)"
"17775","Antiquated Seventh Hell Breeches","Seventh Hell Attire Coffer (IL 290)","true","Seventh Hell Attire Coffer (IL 290)"
"17776","Antiquated Seventh Hell Thighboots","Seventh Hell Attire Coffer (IL 290)","true","Seventh Hell Attire Coffer (IL 290)"
"17777","Antiquated Channeler's Horn","Channeler's Attire Coffer (IL 290)","true","Channeler's Attire Coffer (IL 290)"
"17778","Antiquated Channeler's Vest","Channeler's Attire Coffer (IL 290)","true","Channeler's Attire Coffer (IL 290)"
"17779","Antiquated Channeler's Armlets","Channeler's Attire Coffer (IL 290)","true","Channeler's Attire Coffer (IL 290)"
"17780","Antiquated Channeler's Halfslops","Channeler's Attire Coffer (IL 290)","true","Channeler's Attire Coffer (IL 290)"
"17781","Antiquated Channeler's Boots","Channeler's Attire Coffer (IL 290)","true","Channeler's Attire Coffer (IL 290)"
"17782","Antiquated Orator's Mortarboard","Orator's Attire Coffer (IL 290)","true","Orator's Attire Coffer (IL 290)"
"17783","Antiquated Orator's Coat","Orator's Attire Coffer (IL 290)","true","Orator's Attire Coffer (IL 290)"
"17784","Antiquated Orator's Cuffs","Orator's Attire Coffer (IL 290)","true","Orator's Attire Coffer (IL 290)"
"17785","Antiquated Orator's Bottoms","Orator's Attire Coffer (IL 290)","true","Orator's Attire Coffer (IL 290)"
"17786","Antiquated Orator's Shoes","Orator's Attire Coffer (IL 290)","true","Orator's Attire Coffer (IL 290)"
"17787","Antiquated Kage-kakushi Somen","Kage-kakushi Attire Coffer (IL 290)","true","Kage-kakushi Attire Coffer (IL 290)"
"17788","Antiquated Kage-kakushi Chainmail","Kage-kakushi Attire Coffer (IL 290)","true","Kage-kakushi Attire Coffer (IL 290)"
"17789","Antiquated Kage-kakushi Tekko","Kage-kakushi Attire Coffer (IL 290)","true","Kage-kakushi Attire Coffer (IL 290)"
"17790","Antiquated Kage-kakushi Hakama","Kage-kakushi Attire Coffer (IL 290)","true","Kage-kakushi Attire Coffer (IL 290)"
"17791","Antiquated Kage-kakushi Kyahan","Kage-kakushi Attire Coffer (IL 290)","true","Kage-kakushi Attire Coffer (IL 290)"
"17797","Antiquated Gunner's Goggles","Gunner's Attire Coffer (IL 290)","true","Gunner's Attire Coffer (IL 290)"
"17798","Antiquated Gunner's Coat","Gunner's Attire Coffer (IL 290)","true","Gunner's Attire Coffer (IL 290)"
"17799","Antiquated Gunner's Gloves","Gunner's Attire Coffer (IL 290)","true","Gunner's Attire Coffer (IL 290)"
"17800","Antiquated Gunner's Trousers","Gunner's Attire Coffer (IL 290)","true","Gunner's Attire Coffer (IL 290)"
"17801","Antiquated Gunner's Thighboots","Gunner's Attire Coffer (IL 290)","true","Gunner's Attire Coffer (IL 290)"
"17802","Antiquated Constellation Turban","Constellation Attire Coffer (IL 290)","true","Constellation Attire Coffer (IL 290)"
"17803","Antiquated Constellation Top","Constellation Attire Coffer (IL 290)","true","Constellation Attire Coffer (IL 290)"
"17804","Antiquated Constellation Armlets","Constellation Attire Coffer (IL 290)","true","Constellation Attire Coffer (IL 290)"
"17805","Antiquated Constellation Gaskins","Constellation Attire Coffer (IL 290)","true","Constellation Attire Coffer (IL 290)"
"17806","Antiquated Constellation Sandals","Constellation Attire Coffer (IL 290)","true","Constellation Attire Coffer (IL 290)"
"17807","Antiquated Myochin Jingasa","Myochin Attire Coffer (IL 290)","true","Myochin Attire Coffer (IL 290)"
"17808","Antiquated Myochin Haori","Myochin Attire Coffer (IL 290)","true","Myochin Attire Coffer (IL 290)"
"17809","Antiquated Myochin Tekko","Myochin Attire Coffer (IL 290)","true","Myochin Attire Coffer (IL 290)"
"17810","Antiquated Myochin Hakama","Myochin Attire Coffer (IL 290)","true","Myochin Attire Coffer (IL 290)"
"17811","Antiquated Myochin Geta","Myochin Attire Coffer (IL 290)","true","Myochin Attire Coffer (IL 290)"
"17812","Antiquated Duelist's Chapeau","Duelist's Attire Coffer (IL 290)","true","Duelist's Attire Coffer (IL 290)"
"17813","Antiquated Duelist's Tabard","Duelist's Attire Coffer (IL 290)","true","Duelist's Attire Coffer (IL 290)"
"17814","Antiquated Duelist's Gloves","Duelist's Attire Coffer (IL 290)","true","Duelist's Attire Coffer (IL 290)"
"17815","Antiquated Duelist's Breeches","Duelist's Attire Coffer (IL 290)","true","Duelist's Attire Coffer (IL 290)"
"17816","Antiquated Duelist's Thighboots","Duelist's Attire Coffer (IL 290)","true","Duelist's Attire Coffer (IL 290)"
"17818","Antiquated Sudarshana Chakra","Pacifist's Attire Coffer (IL 290)","true","Pacifist's Attire Coffer (IL 290)"
"17820","Antiquated Ryunohige","Trueblood Attire Coffer (IL 290)","true","Trueblood Attire Coffer (IL 290)"
"17821","Antiquated Failnaught","Storyteller's Attire Coffer (IL 290)","true","Storyteller's Attire Coffer (IL 290)"
"17822","Antiquated Nagi","Kage-kakushi Attire Coffer (IL 290)","true","Kage-kakushi Attire Coffer (IL 290)"
"17824","Antiquated Outsider","Gunner's Attire Coffer (IL 290)","true","Gunner's Attire Coffer (IL 290)"
"17825","Antiquated Aymur","Seventh Heaven Attire Coffer (IL 290)","true","Seventh Heaven Attire Coffer (IL 290)"
"17826","Antiquated Vanargand","Seventh Hell Attire Coffer (IL 290)","true","Seventh Hell Attire Coffer (IL 290)"
"17827","Antiquated Lemegeton","Channeler's Attire Coffer (IL 290)","true","Channeler's Attire Coffer (IL 290)"
"17828","Antiquated Organum","Orator's Attire Coffer (IL 290)","true","Orator's Attire Coffer (IL 290)"
"17829","Antiquated Pleiades","Constellation Attire Coffer (IL 290)","true","Constellation Attire Coffer (IL 290)"
"17830","Antiquated Kiku-ichimonji","Myochin Attire Coffer (IL 290)","true","Myochin Attire Coffer (IL 290)"
"17831","Antiquated Murgleis","Duelist's Attire Coffer (IL 290)","true","Duelist's Attire Coffer (IL 290)"
"20465","Red Hat","Red Attire Coffer (IL 115)","true","Red Attire Coffer (IL 115)"
"20466","Red Bliaud","Red Attire Coffer (IL 115)","true","Red Attire Coffer (IL 115)"
"20467","Red Gloves","Red Attire Coffer (IL 115)","true","Red Attire Coffer (IL 115)"
"20468","Red Gaskins","Red Attire Coffer (IL 115)","true","Red Attire Coffer (IL 115)"
"20469","Red Boots","Red Attire Coffer (IL 115)","true","Red Attire Coffer (IL 115)"
"20977","Hellhound Helm","Hellhound Attire Coffer","true","Hellhound Attire Coffer"
"20978","Hellhound Armor","Hellhound Attire Coffer","true","Hellhound Attire Coffer"
"20979","Hellhound Gauntlets","Hellhound Attire Coffer","true","Hellhound Attire Coffer"
"20980","Hellhound Cuisses","Hellhound Attire Coffer","true","Hellhound Attire Coffer"
"20981","Hellhound Sabatons","Hellhound Attire Coffer","true","Hellhound Attire Coffer"
"23038","Barghest Helm","Barghest Attire Coffer","true","Barghest Attire Coffer"
"23039","Barghest Armor","Barghest Attire Coffer","true","Barghest Attire Coffer"
"23040","Barghest Gauntlets","Barghest Attire Coffer","true","Barghest Attire Coffer"
"23041","Barghest Cuisses","Barghest Attire Coffer","true","Barghest Attire Coffer"
"23042","Barghest Sabatons","Barghest Attire Coffer","true","Barghest Attire Coffer"
"24192","Moddey Dhoo Helm","Moddey Dhoo Attire Coffer","true","Moddey Dhoo Attire Coffer"
"24193","Moddey Dhoo Armor","Moddey Dhoo Attire Coffer","true","Moddey Dhoo Attire Coffer"
"24194","Moddey Dhoo Gauntlets","Moddey Dhoo Attire Coffer","true","Moddey Dhoo Attire Coffer"
"24195","Moddey Dhoo Cuisses","Moddey Dhoo Attire Coffer","true","Moddey Dhoo Attire Coffer"
"24196","Moddey Dhoo Sabatons","Moddey Dhoo Attire Coffer","true","Moddey Dhoo Attire Coffer"
"24552","Magus's Mask","Magus's Attire Coffer (IL 130)","true","Magus's Attire Coffer (IL 130)"
"24553","Magus's Jacket","Magus's Attire Coffer (IL 130)","true","Magus's Attire Coffer (IL 130)"
"24554","Magus's Gloves","Magus's Attire Coffer (IL 130)","true","Magus's Attire Coffer (IL 130)"
"24555","Magus's Trousers","Magus's Attire Coffer (IL 130)","true","Magus's Attire Coffer (IL 130)"
"24556","Magus's Shoes","Magus's Attire Coffer (IL 130)","true","Magus's Attire Coffer (IL 130)"
"24582","True Blue Hat","True Blue Attire Coffer (IL 1)","true","True Blue Attire Coffer (IL 1)"
"24583","True Blue Coat","True Blue Attire Coffer (IL 1)","true","True Blue Attire Coffer (IL 1)"
"24584","True Blue Gloves","True Blue Attire Coffer (IL 1)","true","True Blue Attire Coffer (IL 1)"
"24585","True Blue Trousers","True Blue Attire Coffer (IL 1)","true","True Blue Attire Coffer (IL 1)"
"24586","True Blue Boots","True Blue Attire Coffer (IL 1)","true","True Blue Attire Coffer (IL 1)"
"24594","Scion Traveler's Mask","Scion Traveler's Attire Coffer","true","Scion Traveler's Attire Coffer"
"24595","Scion Traveler's Jacket","Scion Traveler's Attire Coffer","true","Scion Traveler's Attire Coffer"
"24596","Scion Traveler's Gloves","Scion Traveler's Attire Coffer","true","Scion Traveler's Attire Coffer"
"24597","Scion Traveler's Trousers","Scion Traveler's Attire Coffer","true","Scion Traveler's Attire Coffer"
"24598","Scion Traveler's Boots","Scion Traveler's Attire Coffer","true","Scion Traveler's Attire Coffer"
"27256","Outsider's Circlet","Outsider's Attire Coffer (IL 255)","true","Outsider's Attire Coffer (IL 255)"
"27257","Outsider's Jacket","Outsider's Attire Coffer (IL 255)","true","Outsider's Attire Coffer (IL 255)"
"27258","Outsider's Gloves","Outsider's Attire Coffer (IL 255)","true","Outsider's Attire Coffer (IL 255)"
"27259","Outsider's Chaps","Outsider's Attire Coffer (IL 255)","true","Outsider's Attire Coffer (IL 255)"
"27260","Outsider's Boots","Outsider's Attire Coffer (IL 255)","true","Outsider's Attire Coffer (IL 255)"
"27261","Softstepper's Turban","Softstepper's Attire Coffer (IL 255)","true","Softstepper's Attire Coffer (IL 255)"
"27262","Softstepper's Bolero","Softstepper's Attire Coffer (IL 255)","true","Softstepper's Attire Coffer (IL 255)"
"27263","Softstepper's Gloves","Softstepper's Attire Coffer (IL 255)","true","Softstepper's Attire Coffer (IL 255)"
"27264","Softstepper's Sarouel","Softstepper's Attire Coffer (IL 255)","true","Softstepper's Attire Coffer (IL 255)"
"27265","Softstepper's Babouches","Softstepper's Attire Coffer (IL 255)","true","Softstepper's Attire Coffer (IL 255)"
"30759","Casual Jacket","Casual Attire Coffer","true","Casual Attire Coffer"
"30760","Casual Halfslops","Casual Attire Coffer","true","Casual Attire Coffer"
"30761","Casual Boots","Casual Attire Coffer","true","Casual Attire Coffer"
"30762","Hraesvelgr Hat","Hraesvelgr Attire Coffer","true","Hraesvelgr Attire Coffer"
"30763","Hraesvelgr Jacket","Hraesvelgr Attire Coffer","true","Hraesvelgr Attire Coffer"
"30764","Hraesvelgr Gloves","Hraesvelgr Attire Coffer","true","Hraesvelgr Attire Coffer"
"30765","Hraesvelgr Trousers","Hraesvelgr Attire Coffer","true","Hraesvelgr Attire Coffer"
"30766","Hraesvelgr Boots","Hraesvelgr Attire Coffer","true","Hraesvelgr Attire Coffer"
"33445","Shadowstalker's Helm","Shadowstalker's Attire Coffer","true","Shadowstalker's Attire Coffer"
"33446","Shadowstalker's Armor","Shadowstalker's Attire Coffer","true","Shadowstalker's Attire Coffer"
"33447","Shadowstalker's Gauntlets","Shadowstalker's Attire Coffer","true","Shadowstalker's Attire Coffer"
"33448","Shadowstalker's Breeches","Shadowstalker's Attire Coffer","true","Shadowstalker's Attire Coffer"
"33449","Shadowstalker's Sabatons","Shadowstalker's Attire Coffer","true","Shadowstalker's Attire Coffer"
"33455","Shadowcleaver's Helm","Shadowcleaver's Attire Coffer","true","Shadowcleaver's Attire Coffer"
"33456","Shadowcleaver's Armor","Shadowcleaver's Attire Coffer","true","Shadowcleaver's Attire Coffer"
"33457","Shadowcleaver's Gauntlets","Shadowcleaver's Attire Coffer","true","Shadowcleaver's Attire Coffer"
"33458","Shadowcleaver's Breeches","Shadowcleaver's Attire Coffer","true","Shadowcleaver's Attire Coffer"
"33459","Shadowcleaver's Sabatons","Shadowcleaver's Attire Coffer","true","Shadowcleaver's Attire Coffer"
"33667","Peacelover's Hat","Peacelover's Attire Coffer","true","Peacelover's Attire Coffer"
"33668","Peacelover's Shirt","Peacelover's Attire Coffer","true","Peacelover's Attire Coffer"
"33669","Peacelover's Gloves","Peacelover's Attire Coffer","true","Peacelover's Attire Coffer"
"33670","Peacelover's Pantaloons","Peacelover's Attire Coffer","true","Peacelover's Attire Coffer"
"33671","Peacelover's Longboots","Peacelover's Attire Coffer","true","Peacelover's Attire Coffer"
"36821","Archfiend Helm","Archfiend Attire Coffer","false","Crystal Quartermaster - Wolves' Den Pier (1,500 Trophy Crystals) / Archfiend Attire Coffer"
"36822","Archfiend Armor","Archfiend Attire Coffer","false","Crystal Quartermaster - Wolves' Den Pier (1,500 Trophy Crystals) / Archfiend Attire Coffer"
"36823","Archfiend Gauntlets","Archfiend Attire Coffer","false","Crystal Quartermaster - Wolves' Den Pier (1,500 Trophy Crystals) / Archfiend Attire Coffer"
"36824","Archfiend Breeches","Archfiend Attire Coffer","false","Crystal Quartermaster - Wolves' Den Pier (1,500 Trophy Crystals) / Archfiend Attire Coffer"
"36825","Archfiend Sabatons","Archfiend Attire Coffer","false","Crystal Quartermaster - Wolves' Den Pier (1,500 Trophy Crystals) / Archfiend Attire Coffer"
"36844","Appointed Cap","Appointed Attire Coffer","true","Appointed Attire Coffer"
"36845","Appointed Jacket","Appointed Attire Coffer","true","Appointed Attire Coffer"
"36846","Appointed Gloves","Appointed Attire Coffer","true","Appointed Attire Coffer"
"36847","Appointed Slacks","Appointed Attire Coffer","true","Appointed Attire Coffer"
"36848","Appointed Shoes","Appointed Attire Coffer","true","Appointed Attire Coffer"
"39359","False Monarchy Mask","False Monarchy Attire Coffer","false","Crystal Quartermaster - Wolves' Den Pier (1,500 Trophy Crystals) / False Monarchy Attire Coffer"
"39360","False Monarchy Armor","False Monarchy Attire Coffer","false","Crystal Quartermaster - Wolves' Den Pier (1,500 Trophy Crystals) / False Monarchy Attire Coffer"
"39361","False Monarchy Gauntlets","False Monarchy Attire Coffer","false","Crystal Quartermaster - Wolves' Den Pier (1,500 Trophy Crystals) / False Monarchy Attire Coffer"
"39362","False Monarchy Breeches","False Monarchy Attire Coffer","false","Crystal Quartermaster - Wolves' Den Pier (1,500 Trophy Crystals) / False Monarchy Attire Coffer"
"39363","False Monarchy Sabatons","False Monarchy Attire Coffer","false","Crystal Quartermaster - Wolves' Den Pier (1,500 Trophy Crystals) / False Monarchy Attire Coffer"
"41518","Fierce Tyrant's Helm","Fierce Tyrant's Attire Coffer","false","Crystal Quartermaster - Wolves' Den Pier (1,500 Trophy Crystals) / Fierce Tyrant's Attire Coffer"
"41519","Fierce Tyrant's Cuirass","Fierce Tyrant's Attire Coffer","false","Crystal Quartermaster - Wolves' Den Pier (1,500 Trophy Crystals) / Fierce Tyrant's Attire Coffer"
"41520","Fierce Tyrant's Gauntlets","Fierce Tyrant's Attire Coffer","false","Crystal Quartermaster - Wolves' Den Pier (1,500 Trophy Crystals) / Fierce Tyrant's Attire Coffer"
"41521","Fierce Tyrant's Hose","Fierce Tyrant's Attire Coffer","false","Crystal Quartermaster - Wolves' Den Pier (1,500 Trophy Crystals) / Fierce Tyrant's Attire Coffer"
"41522","Fierce Tyrant's Sollerets","Fierce Tyrant's Attire Coffer","false","Crystal Quartermaster - Wolves' Den Pier (1,500 Trophy Crystals) / Fierce Tyrant's Attire Coffer"
"44640","Loose Fit Cap","Loose Fit Attire Coffer","true","Loose Fit Attire Coffer"
"44641","Loose Fit Overshirt","Loose Fit Attire Coffer","true","Loose Fit Attire Coffer"
"44642","Loose Fit Wristguards","Loose Fit Attire Coffer","true","Loose Fit Attire Coffer"
"44643","Loose Fit Cargo Trousers","Loose Fit Attire Coffer","true","Loose Fit Attire Coffer"
"44644","Loose Fit Shoes","Loose Fit Attire Coffer","true","Loose Fit Attire Coffer"
"44655","Dawnblazer Hat","Dawnblazer Attire Coffer","true","Dawnblazer Attire Coffer"
"44656","Dawnblazer Jerkin","Dawnblazer Attire Coffer","true","Dawnblazer Attire Coffer"
"44657","Dawnblazer Gloves","Dawnblazer Attire Coffer","true","Dawnblazer Attire Coffer"
"44658","Dawnblazer Chaps","Dawnblazer Attire Coffer","true","Dawnblazer Attire Coffer"
"44659","Dawnblazer Boots","Dawnblazer Attire Coffer","true","Dawnblazer Attire Coffer"
"47202","Air Cell Hood","Air Cell Attire Coffer","true","Air Cell Attire Coffer"
"47203","Air Cell Jacket","Air Cell Attire Coffer","true","Air Cell Attire Coffer"
"47204","Air Cell Armlets","Air Cell Attire Coffer","true","Air Cell Attire Coffer"
"47205","Air Cell Halfslops","Air Cell Attire Coffer","true","Air Cell Attire Coffer"
"47206","Air Cell Shoes","Air Cell Attire Coffer","true","Air Cell Attire Coffer"
