"Item ID","Name","Category","Acquisition"
"21942","Galatyn","Gladiator's Arm","Eureka Gear & Weapons"
"21943","Sudarshana Chakra","Pugilist's Arm","Eureka Gear & Weapons"
"21944","Farsha","Marauder's Arm","Eureka Gear & Weapons"
"21945","Ryunohige","Lancer's Arm","Eureka Gear & Weapons"
"21946","Failnaught","Archer's Arm","Eureka Gear & Weapons"
"21947","Nagi","Rogue's Arm","Eureka Gear & Weapons"
"21948","Caladbolg","Dark Knight's Arm","Eureka Gear & Weapons"
"21949","Outsider","Machinist's Arm","Eureka Gear & Weapons"
"21950","Aymur","Two–handed Conjurer's Arm","Eureka Gear & Weapons"
"21951","Vanargand","Two–handed Thaumaturge's Arm","Eureka Gear & Weapons"
"21952","Lemegeton","Arcanist's Grimoire","Eureka Gear & Weapons"
"21953","Organum","Scholar's Arm","Eureka Gear & Weapons"
"21954","Pleiades","Astrologian's Arm","Eureka Gear & Weapons"
"21955","Kiku-ichimonji","Samurai's Arm","Eureka Gear & Weapons"
"21956","Murgleis","Red Mage's Arm","Eureka Gear & Weapons"
"21957","Evalach","Shield","Eureka Gear & Weapons"
"21958","Galatyn +1","Gladiator's Arm","Eureka Gear & Weapons"
"21959","Sudarshana Chakra +1","Pugilist's Arm","Eureka Gear & Weapons"
"21960","Farsha +1","Marauder's Arm","Eureka Gear & Weapons"
"21961","Ryunohige +1","Lancer's Arm","Eureka Gear & Weapons"
"21962","Failnaught +1","Archer's Arm","Eureka Gear & Weapons"
"21963","Nagi +1","Rogue's Arm","Eureka Gear & Weapons"
"21964","Caladbolg +1","Dark Knight's Arm","Eureka Gear & Weapons"
"21965","Outsider +1","Machinist's Arm","Eureka Gear & Weapons"
"21966","Aymur +1","Two–handed Conjurer's Arm","Eureka Gear & Weapons"
"21967","Vanargand +1","Two–handed Thaumaturge's Arm","Eureka Gear & Weapons"
"21968","Lemegeton +1","Arcanist's Grimoire","Eureka Gear & Weapons"
"21969","Organum +1","Scholar's Arm","Eureka Gear & Weapons"
"21970","Pleiades +1","Astrologian's Arm","Eureka Gear & Weapons"
"21971","Kiku-ichimonji +1","Samurai's Arm","Eureka Gear & Weapons"
"21972","Murgleis +1","Red Mage's Arm","Eureka Gear & Weapons"
"21973","Evalach +1","Shield","Eureka Gear & Weapons"
"21974","Galatyn +2","Gladiator's Arm","Eureka Gear & Weapons"
"21975","Sudarshana Chakra +2","Pugilist's Arm","Eureka Gear & Weapons"
"21976","Farsha +2","Marauder's Arm","Eureka Gear & Weapons"
"21977","Ryunohige +2","Lancer's Arm","Eureka Gear & Weapons"
"21978","Failnaught +2","Archer's Arm","Eureka Gear & Weapons"
"21979","Nagi +2","Rogue's Arm","Eureka Gear & Weapons"
"21980","Caladbolg +2","Dark Knight's Arm","Eureka Gear & Weapons"
"21981","Outsider +2","Machinist's Arm","Eureka Gear & Weapons"
"21982","Aymur +2","Two–handed Conjurer's Arm","Eureka Gear & Weapons"
"21983","Vanargand +2","Two–handed Thaumaturge's Arm","Eureka Gear & Weapons"
"21984","Lemegeton +2","Arcanist's Grimoire","Eureka Gear & Weapons"
"21985","Organum +2","Scholar's Arm","Eureka Gear & Weapons"
"21986","Pleiades +2","Astrologian's Arm","Eureka Gear & Weapons"
"21987","Kiku-ichimonji +2","Samurai's Arm","Eureka Gear & Weapons"
"21988","Murgleis +2","Red Mage's Arm","Eureka Gear & Weapons"
"21989","Evalach +2","Shield","Eureka Gear & Weapons"
"22006","Chivalrous Circlet","Head","Eureka Gear & Weapons"
"22007","Chivalrous Surcoat","Body","Eureka Gear & Weapons"
"22008","Chivalrous Gauntlets","Hands","Eureka Gear & Weapons"
"22009","Chivalrous Cuisses","Legs","Eureka Gear & Weapons"
"22010","Chivalrous Sollerets","Feet","Eureka Gear & Weapons"
"22011","Pacifist's Circlet","Head","Eureka Gear & Weapons"
"22012","Pacifist's Vest","Body","Eureka Gear & Weapons"
"22013","Pacifist's Armguards","Hands","Eureka Gear & Weapons"
"22014","Pacifist's Gaskins","Legs","Eureka Gear & Weapons"
"22015","Pacifist's Boots","Feet","Eureka Gear & Weapons"
"22016","Brutal Visor","Head","Eureka Gear & Weapons"
"22017","Brutal Lorica","Body","Eureka Gear & Weapons"
"22018","Brutal Gauntlets","Hands","Eureka Gear & Weapons"
"22019","Brutal Breeches","Legs","Eureka Gear & Weapons"
"22020","Brutal Sollerets","Feet","Eureka Gear & Weapons"
"22021","Trueblood Armet","Head","Eureka Gear & Weapons"
"22022","Trueblood Mail","Body","Eureka Gear & Weapons"
"22023","Trueblood Gauntlets","Hands","Eureka Gear & Weapons"
"22024","Trueblood Brais","Legs","Eureka Gear & Weapons"
"22025","Trueblood Greaves","Feet","Eureka Gear & Weapons"
"22026","Storyteller's Chapeau","Head","Eureka Gear & Weapons"
"22027","Storyteller's Coat","Body","Eureka Gear & Weapons"
"22028","Storyteller's Gloves","Hands","Eureka Gear & Weapons"
"22029","Storyteller's Bottoms","Legs","Eureka Gear & Weapons"
"22030","Storyteller's Boots","Feet","Eureka Gear & Weapons"
"22031","Seventh Heaven Circlet","Head","Eureka Gear & Weapons"
"22032","Seventh Heaven Top","Body","Eureka Gear & Weapons"
"22033","Seventh Heaven Fingerless Gloves","Hands","Eureka Gear & Weapons"
"22034","Seventh Heaven Bottoms","Legs","Eureka Gear & Weapons"
"22035","Seventh Heaven Thighboots","Feet","Eureka Gear & Weapons"
"22036","Seventh Hell Petasos","Head","Eureka Gear & Weapons"
"22037","Seventh Hell Coat","Body","Eureka Gear & Weapons"
"22038","Seventh Hell Gloves","Hands","Eureka Gear & Weapons"
"22039","Seventh Hell Breeches","Legs","Eureka Gear & Weapons"
"22040","Seventh Hell Thighboots","Feet","Eureka Gear & Weapons"
"22041","Channeler's Horn","Head","Eureka Gear & Weapons"
"22042","Channeler's Vest","Body","Eureka Gear & Weapons"
"22043","Channeler's Armlets","Hands","Eureka Gear & Weapons"
"22044","Channeler's Halfslops","Legs","Eureka Gear & Weapons"
"22045","Channeler's Boots","Feet","Eureka Gear & Weapons"
"22046","Orator's Mortarboard","Head","Eureka Gear & Weapons"
"22047","Orator's Coat","Body","Eureka Gear & Weapons"
"22048","Orator's Cuffs","Hands","Eureka Gear & Weapons"
"22049","Orator's Bottoms","Legs","Eureka Gear & Weapons"
"22050","Orator's Shoes","Feet","Eureka Gear & Weapons"
"22051","Kage-kakushi Somen","Head","Eureka Gear & Weapons"
"22052","Kage-kakushi Chainmail","Body","Eureka Gear & Weapons"
"22053","Kage-kakushi Tekko","Hands","Eureka Gear & Weapons"
"22054","Kage-kakushi Hakama","Legs","Eureka Gear & Weapons"
"22055","Kage-kakushi Kyahan","Feet","Eureka Gear & Weapons"
"22056","Abyss Burgeonet","Head","Eureka Gear & Weapons"
"22057","Abyss Cuirass","Body","Eureka Gear & Weapons"
"22058","Abyss Gauntlets","Hands","Eureka Gear & Weapons"
"22059","Abyss Flanchard","Legs","Eureka Gear & Weapons"
"22060","Abyss Sollerets","Feet","Eureka Gear & Weapons"
"22061","Gunner's Goggles","Head","Eureka Gear & Weapons"
"22062","Gunner's Coat","Body","Eureka Gear & Weapons"
"22063","Gunner's Gloves","Hands","Eureka Gear & Weapons"
"22064","Gunner's Trousers","Legs","Eureka Gear & Weapons"
"22065","Gunner's Thighboots","Feet","Eureka Gear & Weapons"
"22066","Constellation Turban","Head","Eureka Gear & Weapons"
"22067","Constellation Top","Body","Eureka Gear & Weapons"
"22068","Constellation Armlets","Hands","Eureka Gear & Weapons"
"22069","Constellation Gaskins","Legs","Eureka Gear & Weapons"
"22070","Constellation Sandals","Feet","Eureka Gear & Weapons"
"22071","Myochin Jingasa","Head","Eureka Gear & Weapons"
"22072","Myochin Haori","Body","Eureka Gear & Weapons"
"22073","Myochin Tekko","Hands","Eureka Gear & Weapons"
"22074","Myochin Hakama","Legs","Eureka Gear & Weapons"
"22075","Myochin Geta","Feet","Eureka Gear & Weapons"
"22076","Duelist's Chapeau","Head","Eureka Gear & Weapons"
"22077","Duelist's Tabard","Body","Eureka Gear & Weapons"
"22078","Duelist's Gloves","Hands","Eureka Gear & Weapons"
"22079","Duelist's Breeches","Legs","Eureka Gear & Weapons"
"22080","Duelist's Thighboots","Feet","Eureka Gear & Weapons"
"22081","Chivalrous Circlet +1","Head","Eureka Gear & Weapons"
"22082","Chivalrous Surcoat +1","Body","Eureka Gear & Weapons"
"22083","Chivalrous Gauntlets +1","Hands","Eureka Gear & Weapons"
"22084","Chivalrous Cuisses +1","Legs","Eureka Gear & Weapons"
"22085","Chivalrous Sollerets +1","Feet","Eureka Gear & Weapons"
"22086","Pacifist's Circlet +1","Head","Eureka Gear & Weapons"
"22087","Pacifist's Vest +1","Body","Eureka Gear & Weapons"
"22088","Pacifist's Armguards +1","Hands","Eureka Gear & Weapons"
"22089","Pacifist's Gaskins +1","Legs","Eureka Gear & Weapons"
"22090","Pacifist's Boots +1","Feet","Eureka Gear & Weapons"
"22091","Brutal Visor +1","Head","Eureka Gear & Weapons"
"22092","Brutal Lorica +1","Body","Eureka Gear & Weapons"
"22093","Brutal Gauntlets +1","Hands","Eureka Gear & Weapons"
"22094","Brutal Breeches +1","Legs","Eureka Gear & Weapons"
"22095","Brutal Sollerets +1","Feet","Eureka Gear & Weapons"
"22096","Trueblood Armet +1","Head","Eureka Gear & Weapons"
"22097","Trueblood Mail +1","Body","Eureka Gear & Weapons"
"22098","Trueblood Gauntlets +1","Hands","Eureka Gear & Weapons"
"22099","Trueblood Brais +1","Legs","Eureka Gear & Weapons"
"22100","Trueblood Greaves +1","Feet","Eureka Gear & Weapons"
"22101","Storyteller's Chapeau +1","Head","Eureka Gear & Weapons"
"22102","Storyteller's Coat +1","Body","Eureka Gear & Weapons"
"22103","Storyteller's Gloves +1","Hands","Eureka Gear & Weapons"
"22104","Storyteller's Bottoms +1","Legs","Eureka Gear & Weapons"
"22105","Storyteller's Boots +1","Feet","Eureka Gear & Weapons"
"22106","Seventh Heaven Circlet +1","Head","Eureka Gear & Weapons"
"22107","Seventh Heaven Top +1","Body","Eureka Gear & Weapons"
"22108","Seventh Heaven Fingerless Gloves +1","Hands","Eureka Gear & Weapons"
"22109","Seventh Heaven Bottoms +1","Legs","Eureka Gear & Weapons"
"22110","Seventh Heaven Thighboots +1","Feet","Eureka Gear & Weapons"
"22111","Seventh Hell Petasos +1","Head","Eureka Gear & Weapons"
"22112","Seventh Hell Coat +1","Body","Eureka Gear & Weapons"
"22113","Seventh Hell Gloves +1","Hands","Eureka Gear & Weapons"
"22114","Seventh Hell Breeches +1","Legs","Eureka Gear & Weapons"
"22115","Seventh Hell Thighboots +1","Feet","Eureka Gear & Weapons"
"22116","Channeler's Horn +1","Head","Eureka Gear & Weapons"
"22117","Channeler's Vest +1","Body","Eureka Gear & Weapons"
"22118","Channeler's Armlets +1","Hands","Eureka Gear & Weapons"
"22119","Channeler's Halfslops +1","Legs","Eureka Gear & Weapons"
"22120","Channeler's Boots +1","Feet","Eureka Gear & Weapons"
"22121","Orator's Mortarboard +1","Head","Eureka Gear & Weapons"
"22122","Orator's Coat +1","Body","Eureka Gear & Weapons"
"22123","Orator's Cuffs +1","Hands","Eureka Gear & Weapons"
"22124","Orator's Bottoms +1","Legs","Eureka Gear & Weapons"
"22125","Orator's Shoes +1","Feet","Eureka Gear & Weapons"
"22126","Kage-kakushi Somen +1","Head","Eureka Gear & Weapons"
"22127","Kage-kakushi Chainmail +1","Body","Eureka Gear & Weapons"
"22128","Kage-kakushi Tekko +1","Hands","Eureka Gear & Weapons"
"22129","Kage-kakushi Hakama +1","Legs","Eureka Gear & Weapons"
"22130","Kage-kakushi Kyahan +1","Feet","Eureka Gear & Weapons"
"22131","Abyss Burgeonet +1","Head","Eureka Gear & Weapons"
"22132","Abyss Cuirass +1","Body","Eureka Gear & Weapons"
"22133","Abyss Gauntlets +1","Hands","Eureka Gear & Weapons"
"22134","Abyss Flanchard +1","Legs","Eureka Gear & Weapons"
"22135","Abyss Sollerets +1","Feet","Eureka Gear & Weapons"
"22136","Gunner's Goggles +1","Head","Eureka Gear & Weapons"
"22137","Gunner's Coat +1","Body","Eureka Gear & Weapons"
"22138","Gunner's Gloves +1","Hands","Eureka Gear & Weapons"
"22139","Gunner's Trousers +1","Legs","Eureka Gear & Weapons"
"22140","Gunner's Thighboots +1","Feet","Eureka Gear & Weapons"
"22141","Constellation Turban +1","Head","Eureka Gear & Weapons"
"22142","Constellation Top +1","Body","Eureka Gear & Weapons"
"22143","Constellation Armlets +1","Hands","Eureka Gear & Weapons"
"22144","Constellation Gaskins +1","Legs","Eureka Gear & Weapons"
"22145","Constellation Sandals +1","Feet","Eureka Gear & Weapons"
"22146","Myochin Jingasa +1","Head","Eureka Gear & Weapons"
"22147","Myochin Haori +1","Body","Eureka Gear & Weapons"
"22148","Myochin Tekko +1","Hands","Eureka Gear & Weapons"
"22149","Myochin Hakama +1","Legs","Eureka Gear & Weapons"
"22150","Myochin Geta +1","Feet","Eureka Gear & Weapons"
"22151","Duelist's Chapeau +1","Head","Eureka Gear & Weapons"
"22152","Duelist's Tabard +1","Body","Eureka Gear & Weapons"
"22153","Duelist's Gloves +1","Hands","Eureka Gear & Weapons"
"22154","Duelist's Breeches +1","Legs","Eureka Gear & Weapons"
"22155","Duelist's Thighboots +1","Feet","Eureka Gear & Weapons"
"22156","Chivalrous Circlet +2","Head","Eureka Gear & Weapons"
"22157","Chivalrous Surcoat +2","Body","Eureka Gear & Weapons"
"22158","Chivalrous Gauntlets +2","Hands","Eureka Gear & Weapons"
"22159","Chivalrous Cuisses +2","Legs","Eureka Gear & Weapons"
"22160","Chivalrous Sollerets +2","Feet","Eureka Gear & Weapons"
"22161","Pacifist's Circlet +2","Head","Eureka Gear & Weapons"
"22162","Pacifist's Vest +2","Body","Eureka Gear & Weapons"
"22163","Pacifist's Armguards +2","Hands","Eureka Gear & Weapons"
"22164","Pacifist's Gaskins +2","Legs","Eureka Gear & Weapons"
"22165","Pacifist's Boots +2","Feet","Eureka Gear & Weapons"
"22166","Brutal Visor +2","Head","Eureka Gear & Weapons"
"22167","Brutal Lorica +2","Body","Eureka Gear & Weapons"
"22168","Brutal Gauntlets +2","Hands","Eureka Gear & Weapons"
"22169","Brutal Breeches +2","Legs","Eureka Gear & Weapons"
"22170","Brutal Sollerets +2","Feet","Eureka Gear & Weapons"
"22171","Trueblood Armet +2","Head","Eureka Gear & Weapons"
"22172","Trueblood Mail +2","Body","Eureka Gear & Weapons"
"22173","Trueblood Gauntlets +2","Hands","Eureka Gear & Weapons"
"22174","Trueblood Brais +2","Legs","Eureka Gear & Weapons"
"22175","Trueblood Greaves +2","Feet","Eureka Gear & Weapons"
"22176","Storyteller's Chapeau +2","Head","Eureka Gear & Weapons"
"22177","Storyteller's Coat +2","Body","Eureka Gear & Weapons"
"22178","Storyteller's Gloves +2","Hands","Eureka Gear & Weapons"
"22179","Storyteller's Bottoms +2","Legs","Eureka Gear & Weapons"
"22180","Storyteller's Boots +2","Feet","Eureka Gear & Weapons"
"22181","Seventh Heaven Circlet +2","Head","Eureka Gear & Weapons"
"22182","Seventh Heaven Top +2","Body","Eureka Gear & Weapons"
"22183","Seventh Heaven Fingerless Gloves +2","Hands","Eureka Gear & Weapons"
"22184","Seventh Heaven Bottoms +2","Legs","Eureka Gear & Weapons"
"22185","Seventh Heaven Thighboots +2","Feet","Eureka Gear & Weapons"
"22186","Seventh Hell Petasos +2","Head","Eureka Gear & Weapons"
"22187","Seventh Hell Coat +2","Body","Eureka Gear & Weapons"
"22188","Seventh Hell Gloves +2","Hands","Eureka Gear & Weapons"
"22189","Seventh Hell Breeches +2","Legs","Eureka Gear & Weapons"
"22190","Seventh Hell Thighboots +2","Feet","Eureka Gear & Weapons"
"22191","Channeler's Horn +2","Head","Eureka Gear & Weapons"
"22192","Channeler's Vest +2","Body","Eureka Gear & Weapons"
"22193","Channeler's Armlets +2","Hands","Eureka Gear & Weapons"
"22194","Channeler's Halfslops +2","Legs","Eureka Gear & Weapons"
"22195","Channeler's Boots +2","Feet","Eureka Gear & Weapons"
"22196","Orator's Mortarboard +2","Head","Eureka Gear & Weapons"
"22197","Orator's Coat +2","Body","Eureka Gear & Weapons"
"22198","Orator's Cuffs +2","Hands","Eureka Gear & Weapons"
"22199","Orator's Bottoms +2","Legs","Eureka Gear & Weapons"
"22200","Orator's Shoes +2","Feet","Eureka Gear & Weapons"
"22201","Kage-kakushi Somen +2","Head","Eureka Gear & Weapons"
"22202","Kage-kakushi Chainmail +2","Body","Eureka Gear & Weapons"
"22203","Kage-kakushi Tekko +2","Hands","Eureka Gear & Weapons"
"22204","Kage-kakushi Hakama +2","Legs","Eureka Gear & Weapons"
"22205","Kage-kakushi Kyahan +2","Feet","Eureka Gear & Weapons"
"22206","Abyss Burgeonet +2","Head","Eureka Gear & Weapons"
"22207","Abyss Cuirass +2","Body","Eureka Gear & Weapons"
"22208","Abyss Gauntlets +2","Hands","Eureka Gear & Weapons"
"22209","Abyss Flanchard +2","Legs","Eureka Gear & Weapons"
"22210","Abyss Sollerets +2","Feet","Eureka Gear & Weapons"
"22211","Gunner's Goggles +2","Head","Eureka Gear & Weapons"
"22212","Gunner's Coat +2","Body","Eureka Gear & Weapons"
"22213","Gunner's Gloves +2","Hands","Eureka Gear & Weapons"
"22214","Gunner's Trousers +2","Legs","Eureka Gear & Weapons"
"22215","Gunner's Thighboots +2","Feet","Eureka Gear & Weapons"
"22216","Constellation Turban +2","Head","Eureka Gear & Weapons"
"22217","Constellation Top +2","Body","Eureka Gear & Weapons"
"22218","Constellation Armlets +2","Hands","Eureka Gear & Weapons"
"22219","Constellation Gaskins +2","Legs","Eureka Gear & Weapons"
"22220","Constellation Sandals +2","Feet","Eureka Gear & Weapons"
"22221","Myochin Jingasa +2","Head","Eureka Gear & Weapons"
"22222","Myochin Haori +2","Body","Eureka Gear & Weapons"
"22223","Myochin Tekko +2","Hands","Eureka Gear & Weapons"
"22224","Myochin Hakama +2","Legs","Eureka Gear & Weapons"
"22225","Myochin Geta +2","Feet","Eureka Gear & Weapons"
"22226","Duelist's Chapeau +2","Head","Eureka Gear & Weapons"
"22227","Duelist's Tabard +2","Body","Eureka Gear & Weapons"
"22228","Duelist's Gloves +2","Hands","Eureka Gear & Weapons"
"22229","Duelist's Breeches +2","Legs","Eureka Gear & Weapons"
"22230","Duelist's Thighboots +2","Feet","Eureka Gear & Weapons"
"40456","Augmented Hellhound War Pick","Gladiator's Arm","Commendation Quartermaster - Wolves' Den Pier (Hellhound War Pick, Hellhound Shield, 2 Commendation Crystals)"
"40457","Augmented Hellhound Knuckles","Pugilist's Arm","Commendation Quartermaster - Wolves' Den Pier (Hellhound Knuckles, 2 Commendation Crystals)"
"40458","Augmented Hellhound Battleaxe","Marauder's Arm","Commendation Quartermaster - Wolves' Den Pier (Hellhound Battleaxe, 2 Commendation Crystals)"
"40459","Augmented Hellhound Spear","Lancer's Arm","Commendation Quartermaster - Wolves' Den Pier (Hellhound Spear, 2 Commendation Crystals)"
"40460","Augmented Hellhound Longbow","Archer's Arm","Commendation Quartermaster - Wolves' Den Pier (Hellhound Longbow, 2 Commendation Crystals)"
"40461","Augmented Hellhound Sword Breakers","Rogue's Arm","Commendation Quartermaster - Wolves' Den Pier (Hellhound Sword Breakers, 2 Commendation Crystals)"
"40462","Augmented Hellhound Faussar","Dark Knight's Arm","Commendation Quartermaster - Wolves' Den Pier (Hellhound Faussar, 2 Commendation Crystals)"
"40463","Augmented Hellhound Handgonne","Machinist's Arm","Commendation Quartermaster - Wolves' Den Pier (Hellhound Handgonne, 2 Commendation Crystals)"
"40464","Augmented Hellhound Cane","Two–handed Conjurer's Arm","Commendation Quartermaster - Wolves' Den Pier (Hellhound Cane, 2 Commendation Crystals)"
"40465","Augmented Hellhound Staff","Two–handed Thaumaturge's Arm","Commendation Quartermaster - Wolves' Den Pier (Hellhound Staff, 2 Commendation Crystals)"
"40466","Augmented Hellhound Grimoire","Arcanist's Grimoire","Commendation Quartermaster - Wolves' Den Pier (Hellhound Grimoire, 2 Commendation Crystals)"
"40467","Augmented Hellhound Codex","Scholar's Arm","Commendation Quartermaster - Wolves' Den Pier (Hellhound Codex, 2 Commendation Crystals)"
"40468","Augmented Hellhound Planisphere","Astrologian's Arm","Commendation Quartermaster - Wolves' Den Pier (Hellhound Planisphere, 2 Commendation Crystals)"
"40469","Augmented Hellhound Katana","Samurai's Arm","Commendation Quartermaster - Wolves' Den Pier (Hellhound Katana, 2 Commendation Crystals)"
"40470","Augmented Hellhound Tuck","Red Mage's Arm","Commendation Quartermaster - Wolves' Den Pier (Hellhound Tuck, 2 Commendation Crystals)"
"40471","Augmented Hellhound Gunblade","Gunbreaker's Arm","Commendation Quartermaster - Wolves' Den Pier (Hellhound Gunblade, 2 Commendation Crystals)"
"40472","Augmented Hellhound Chakrams","Dancer's Arm","Commendation Quartermaster - Wolves' Den Pier (Hellhound Chakrams, 2 Commendation Crystals)"
"40473","Augmented Hellhound Pendulums","Sage's Arm","Commendation Quartermaster - Wolves' Den Pier (Hellhound Pendulums, 2 Commendation Crystals)"
"40474","Augmented Hellhound Scythe","Reaper's Arm","Commendation Quartermaster - Wolves' Den Pier (Hellhound Scythe, 2 Commendation Crystals)"
"40475","Augmented Hellhound Kite Shield","Shield","Commendation Quartermaster - Wolves' Den Pier (Hellhound War Pick, Hellhound Shield, 2 Commendation Crystals)"
"43469","Mica Head","Head","Uah'shepya - Solution Nine (4 Mica Magicogs)"
"43470","Mica Suit","Body","Uah'shepya - Solution Nine (6 Mica Magicogs)"
"43639","Augmented Hellhound Twinfangs","Viper's Arm","Commendation Quartermaster - Wolves' Den Pier (Hellhound Twinfangs, 2 Commendation Crystals)"
"43660","Augmented Hellhound Round Brush","Pictomancer's Arm","Commendation Quartermaster - Wolves' Den Pier (Hellhound Round Brush, 2 Commendation Crystals)"
"46837","The Faces We Wear - Mythril-edged Eyepatch (Right)","Miscellany","Subaquatic Voyages"
"46840","The Faces We Wear - Scaevan Headgear","Miscellany","Cosmic Fortune - Phaenna"
"46845","The Faces We Wear - Professorial Glasses","Miscellany","Cenote Ja Ja Gural / Vault Oneiron"
"47207","Fuath Plumed Hat","Head","Ose Wyd - Il Mheg - Wolekdorf (10 Illumed Aetherpool Glass)"
"47208","Fuath Swallowtail","Body","Ose Wyd - Il Mheg - Wolekdorf (10 Illumed Aetherpool Glass)"
"47209","Fuath Dress Gloves","Hands","Ose Wyd - Il Mheg - Wolekdorf (10 Illumed Aetherpool Glass)"
"47210","Fuath Pantaloons","Legs","Ose Wyd - Il Mheg - Wolekdorf (10 Illumed Aetherpool Glass)"
"47211","Fuath Dress Shoes","Feet","Ose Wyd - Il Mheg - Wolekdorf (10 Illumed Aetherpool Glass)"
"47270","Alternative Cap","Head","FFXIV Online Store"
"47271","Alternative Shirt","Body","FFXIV Online Store"
"47272","Alternative Leather Bracelets","Hands","FFXIV Online Store"
"47273","Alternative Trousers","Legs","FFXIV Online Store"
"47274","Alternative Spiked Shoes","Feet","FFXIV Online Store"
"47297","Earrings of the First Light","Earrings","Ose Wyd - Il Mheg - Wolekdorf (2 Illumed Invocations)"
"47298","Necklace of the First Light","Necklace","Ose Wyd - Il Mheg - Wolekdorf (2 Illumed Invocations)"
"47299","Bangles of the First Light","Bracelets","Ose Wyd - Il Mheg - Wolekdorf (2 Illumed Invocations)"
"47300","Ring of the First Light","Ring","Ose Wyd - Il Mheg - Wolekdorf (2 Illumed Invocations)"
"48149","The Faces We Wear - Tinted Goggles","Miscellany","Subaquatic Voyages"
"48154","The Faces We Wear - Tinted Sunglasses","Miscellany","Cosmic Fortune - Sinus Ardorum"
"48998","Mica Neotunic","Body","Uah'shepya - Solution Nine (2 Mica Magicogs)"
"49003","Oversized Mica Neotunic","Body","Uah'shepya - Solution Nine (2 Mica Magicogs)"
"49008","Form-fitting Mica Neotunic","Body","Uah'shepya - Solution Nine (2 Mica Magicogs)"
"50455","The Faces We Wear - Holospecs","Miscellany","Cosmic Fortune - Oizys"
"50456","The Faces We Wear - Blindfold Eyepatch (Left)","Miscellany","Subaquatic Voyages"
"50457","The Faces We Wear - Blindfold Eyepatch (Right)","Miscellany","Subaquatic Voyages"
"50458","The Faces We Wear - Holovisor","Miscellany","Cosmic Fortune - Oizys"
"50811","Alpha Wolf Crown","Head","Commendation Quartermaster - Wolves' Den Pier (2 Commendation Crystals)"
"50812","Alpha Wolf Coat","Body","Commendation Quartermaster - Wolves' Den Pier (2 Commendation Crystals)"
"50813","Alpha Wolf Gauntlets","Hands","Commendation Quartermaster - Wolves' Den Pier (2 Commendation Crystals)"
"50814","Alpha Wolf Breeches","Legs","Commendation Quartermaster - Wolves' Den Pier (2 Commendation Crystals)"
"50815","Alpha Wolf Boots","Feet","Commendation Quartermaster - Wolves' Den Pier (2 Commendation Crystals)"
"50816","Alpha Wolf Earrings","Earrings","Commendation Quartermaster - Wolves' Den Pier (1 Commendation Crystal)"
"50817","Alpha Wolf Choker","Necklace","Commendation Quartermaster - Wolves' Den Pier (1 Commendation Crystal)"
"50818","Alpha Wolf Bracelets","Bracelets","Commendation Quartermaster - Wolves' Den Pier (1 Commendation Crystal)"
"50819","Alpha Wolf Ring","Ring","Commendation Quartermaster - Wolves' Den Pier (1 Commendation Crystal)"
"50820","Eagleclaw Crown","Head","Commendation Quartermaster - Wolves' Den Pier (2 Commendation Crystals)"
"50821","Eagleclaw Coat","Body","Commendation Quartermaster - Wolves' Den Pier (2 Commendation Crystals)"
"51756","Hypersaw v1.1","Carpenter's Primary Tool","Cosmic Tools Saga"
"51757","Cross-pein Hyperhammer v1.1","Blacksmith's Primary Tool","Cosmic Tools Saga"
"51758","Raising Hyperhammer v1.1","Armorer's Primary Tool","Cosmic Tools Saga"
"51759","Hypermallet v1.1","Goldsmith's Primary Tool","Cosmic Tools Saga"
"51760","Round Hyperknife v1.1","Leatherworker's Primary Tool","Cosmic Tools Saga"
"51761","Hyperneedle v1.1","Weaver's Primary Tool","Cosmic Tools Saga"
"51762","Hyperalembic v1.1","Alchemist's Primary Tool","Cosmic Tools Saga"
"51763","Hyperfrypan v1.1","Culinarian's Primary Tool","Cosmic Tools Saga"
"51764","Hyperpickaxe v1.1","Miner's Primary Tool","Cosmic Tools Saga"
"51765","Hyperhatchet v1.1","Botanist's Primary Tool","Cosmic Tools Saga"
"51766","Fishing Hyperrod v1.1","Fisher's Primary Tool","Cosmic Tools Saga"
"51767","Hypersaw v1.2","Carpenter's Primary Tool","Cosmic Tools Saga"
"51768","Cross-pein Hyperhammer v1.2","Blacksmith's Primary Tool","Cosmic Tools Saga"
"51769","Raising Hyperhammer v1.2","Armorer's Primary Tool","Cosmic Tools Saga"
"51770","Hypermallet v1.2","Goldsmith's Primary Tool","Cosmic Tools Saga"
"51771","Round Hyperknife v1.2","Leatherworker's Primary Tool","Cosmic Tools Saga"
"51772","Hyperneedle v1.2","Weaver's Primary Tool","Cosmic Tools Saga"
"51773","Hyperalembic v1.2","Alchemist's Primary Tool","Cosmic Tools Saga"
"51774","Hyperfrypan v1.2","Culinarian's Primary Tool","Cosmic Tools Saga"
"51775","Hyperpickaxe v1.2","Miner's Primary Tool","Cosmic Tools Saga"
"51776","Hyperhatchet v1.2","Botanist's Primary Tool","Cosmic Tools Saga"
"51777","Fishing Hyperrod v1.2","Fisher's Primary Tool","Cosmic Tools Saga"
"52387","Shadowhound Helm","Head","Commendation Quartermaster - Wolves' Den Pier (2 Commendation Crystals)"
"52388","Shadowhound Armor","Body","Commendation Quartermaster - Wolves' Den Pier (2 Commendation Crystals)"
"52389","Shadowhound Gauntlets","Hands","Commendation Quartermaster - Wolves' Den Pier (2 Commendation Crystals)"
"52390","Shadowhound Cuisses","Legs","Commendation Quartermaster - Wolves' Den Pier (2 Commendation Crystals)"
"52391","Shadowhound Sabatons","Feet","Commendation Quartermaster - Wolves' Den Pier (2 Commendation Crystals)"
"52392","Black Shuck Helm","Head","Commendation Quartermaster - Wolves' Den Pier (2 Commendation Crystals)"
"52393","Black Shuck Armor","Body","Commendation Quartermaster - Wolves' Den Pier (2 Commendation Crystals)"
"52394","Black Shuck Gauntlets","Hands","Commendation Quartermaster - Wolves' Den Pier (2 Commendation Crystals)"
"52395","Black Shuck Cuisses","Legs","Commendation Quartermaster - Wolves' Den Pier (2 Commendation Crystals)"
"52396","Black Shuck Sabatons","Feet","Commendation Quartermaster - Wolves' Den Pier (2 Commendation Crystals)"
"52409","Yozakura's Joi","Body","FFXIV Online Store"
"52410","Yozakura's Gloves","Hands","FFXIV Online Store"
"52411","Yozakura's Kyakui","Legs","FFXIV Online Store"
"52412","Yozakura's Zori","Feet","FFXIV Online Store"
"52433","Graffiti Neotunic","Body","FFXIV Online Store"
"52434","Oversized Graffiti Neotunic","Body","FFXIV Online Store"
"52435","Form-fitting Graffiti Neotunic","Body","FFXIV Online Store"
"52442","The Faces We Wear - Sash Blinder (Left)","Miscellany","Subaquatic Voyages"
"52443","The Faces We Wear - Sash Blinder (Right)","Miscellany","Subaquatic Voyages"
"52444","The Faces We Wear - Studded Eyepatch (Left)","Miscellany","Subaquatic Voyages"
"52445","The Faces We Wear - Studded Eyepatch (Right)","Miscellany","Subaquatic Voyages"
"52448","The Faces We Wear - Half-rim Spectacles","Miscellany","PvP Series 12 - Level 5"
"52449","The Faces We Wear - Wrap-around Sunglasses","Miscellany","Cosmic Fortune - Auxesia"
