key	status	origin	changed_locales	en	ja	de	fr	ko	zh
card.colours	changed	MAIN	en	{n} colors	{n}色	{n} Farben	{n} couleurs	{n}가지 색	{n} 种颜色
card.colours_one	changed	MAIN	en	{n} color	{n}色	{n} Farbe	{n} couleur	{n}가지 색	{n} 种颜色
card.colours_other	changed	MAIN	en	{n} colors	{n}色	{n} Farben	{n} couleurs	{n}가지 색	{n} 种颜色
card.glamourBlockedDye	added	MAIN	en,ja,de,fr,ko,zh	{name} (it can't take the dyes the file puts on it)	{name}（ファイルの染色を施せません）	{name} (nimmt die Farbstoffe der Datei nicht an)	{name} (ne prend pas les teintures du fichier)	{name} (파일의 염색을 할 수 없음)	{name}（它无法使用文件中的染剂）
card.glamourBlockedGlamour	added	MAIN	en,ja,de,fr,ko,zh	{name} (it can't be a glamour)	{name}（投影できません）	{name} (lässt sich nicht projizieren)	{name} (ne peut pas servir de mirage)	{name} (투영할 수 없음)	{name}（它无法用于幻化）
card.glamourBlockedLead	added	MAIN	en,ja,de,fr,ko,zh	No fix:	解決不可：	Keine Lösung:	Sans solution :	해결 불가:	无法解决：
card.glamourBlockedNoItem	added	MAIN	en,ja,de,fr,ko,zh	{name} (a model with no item behind it)	{name}（対応するアイテムのないモデル）	{name} (ein Modell ohne Gegenstand dahinter)	{name} (un modèle sans objet derrière)	{name} (대응하는 아이템이 없는 모델)	{name}（没有对应物品的模型）
card.glamourBlockedWear	added	MAIN	en,ja,de,fr,ko,zh	{name} (this character can't wear it)	{name}（このキャラクターは装備できません）	{name} (dieser Charakter kann es nicht tragen)	{name} (ce personnage ne peut pas la porter)	{name} (이 캐릭터는 착용할 수 없음)	{name}（这个角色无法穿戴它）
card.glamourCompany	added	MAIN	en,ja,de,fr,ko,zh	Needs the right Grand Company: {list}	対応するグランドカンパニーへの所属が必要：{list}	Braucht die richtige Staatliche Gesellschaft: {list}	Nécessite la bonne Grande Compagnie : {list}	맞는 총사령부 소속 필요: {list}	需要所属对应的大国防联军：{list}
card.glamourDyes_one	added	MAIN	en,ja,de,fr,ko,zh	{n} dye	{n}色	{n} Farbstoff	{n} teinture	염료 {n}종	{n} 种染剂
card.glamourDyes_other	added	MAIN	en,ja,de,fr,ko,zh	{n} dyes	{n}色	{n} Farbstoffe	{n} teintures	염료 {n}종	{n} 种染剂
card.glamourFixedDye	added	MAIN	en,ja,de,fr,ko,zh	{name} (not {other}, which can't take these dyes)	{name}（{other}はこの染色ができないため）	{name} (statt {other}, das diese Farbstoffe nicht annimmt)	{name} (à la place de {other}, qui ne prend pas ces teintures)	{name} ({other} 대신: 이 염색을 할 수 없음)	{name}（代替{other}，它无法使用这些染剂）
card.glamourFixedGlamour	added	MAIN	en,ja,de,fr,ko,zh	{name} (not {other}, which can't be a glamour)	{name}（{other}は投影できないため）	{name} (statt {other}, das sich nicht projizieren lässt)	{name} (à la place de {other}, qui ne peut pas servir de mirage)	{name} ({other} 대신: 투영할 수 없음)	{name}（代替{other}，它无法用于幻化）
card.glamourFixedWear	added	MAIN	en,ja,de,fr,ko,zh	{name} (not {other}, which this character can't wear)	{name}（{other}はこのキャラクターが装備できないため）	{name} (statt {other}, das dieser Charakter nicht tragen kann)	{name} (à la place de {other}, que ce personnage ne peut pas porter)	{name} ({other} 대신: 이 캐릭터는 착용할 수 없음)	{name}（代替{other}，这个角色无法穿戴它）
card.glamourFootBlocked_one	added	MAIN	en,ja,de,fr,ko,zh	{n} with no fix	解決不可 {n}	{n} ohne Lösung	{n} sans solution	해결 불가 {n}개	{n} 件无法解决
card.glamourFootBlocked_other	added	MAIN	en,ja,de,fr,ko,zh	{n} with no fix	解決不可 {n}	{n} ohne Lösung	{n} sans solution	해결 불가 {n}개	{n} 件无法解决
card.glamourFootShownWorn_one	added	MAIN	en,ja,de,fr,ko,zh	{s} of {n} piece	{n}部位中{s}部位	{s} von {n} Teil	{s} sur {n} pièce	장비 {n}개 중 {s}개	{n} 件中的 {s} 件
card.glamourFootShownWorn_other	added	MAIN	en,ja,de,fr,ko,zh	{s} of {n} pieces	{n}部位中{s}部位	{s} von {n} Teilen	{s} sur {n} pièces	장비 {n}개 중 {s}개	{n} 件中的 {s} 件
card.glamourFootShown_one	added	MAIN	en,ja,de,fr,ko,zh	{s} of {n} dyed piece	染色済み{n}部位中{s}部位	{s} von {n} gefärbten Teil	{s} sur {n} pièce teinte	염색한 장비 {n}개 중 {s}개	已染色 {n} 件中的 {s} 件
card.glamourFootShown_other	added	MAIN	en,ja,de,fr,ko,zh	{s} of {n} dyed pieces	染色済み{n}部位中{s}部位	{s} von {n} gefärbten Teilen	{s} sur {n} pièces teintes	염색한 장비 {n}개 중 {s}개	已染色 {n} 件中的 {s} 件
card.glamourFootTwins_one	added	MAIN	en,ja,de,fr,ko,zh	{n} named from a twin	別アイテムで表示 {n}	{n} durch Zwilling benannt	{n} via un jumeau	같은 외형으로 {n}개 대체	{n} 件以同外观装备代替
card.glamourFootTwins_other	added	MAIN	en,ja,de,fr,ko,zh	{n} named from a twin	別アイテムで表示 {n}	{n} durch Zwilling benannt	{n} via un jumeau	같은 외형으로 {n}개 대체	{n} 件以同外观装备代替
card.glamourLooks	added	MAIN	en,ja,de,fr,ko,zh	+{n} LOOK	+{n} 同型	+{n} OPTIK	+{n} ASPECT	+{n} 동형	+{n} 同款
card.glamourManual	added	MAIN	en,ja,de,fr,ko,zh	More on character files:	キャラクターファイルについて：	Mehr zu Charakterdateien:	En savoir plus sur les fichiers de personnage :	캐릭터 파일 안내:	关于角色文件：
card.glamourNamedLead	added	MAIN	en,ja,de,fr,ko,zh	Named from a twin:	別アイテムで表示：	Durch Zwilling benannt:	Nommé d’après un jumeau :	같은 외형으로 대체:	以同外观装备代替：
card.glamourNoDyes	added	MAIN	en,ja,de,fr,ko,zh	no dyes	染色なし	keine Farbstoffe	aucune teinture	염색 없음	未染色
card.glamourNoGear	added	MAIN	en,ja,de,fr,ko,zh	This file wears no gear.	このファイルには装備がありません。	Diese Datei trägt keine Ausrüstung.	Ce fichier ne porte aucun équipement.	이 파일에는 장비가 없습니다.	这个文件没有穿戴装备。
card.glamourNoItemName	added	MAIN	en,ja,de,fr,ko,zh	Model {key}	モデル {key}	Modell {key}	Modèle {key}	모델 {key}	模型 {key}
card.glamourOneLook	added	MAIN	en,ja,de,fr,ko,zh	ONE LOOK	唯一	EINZIG	UNIQUE	유일	唯一
card.glamourPieces_one	added	MAIN	en,ja,de,fr,ko,zh	{n} dyed piece	染色済み{n}部位	{n} gefärbtes Teil	{n} pièce teinte	염색 {n}개	已染色 {n} 件
card.glamourPieces_other	added	MAIN	en,ja,de,fr,ko,zh	{n} dyed pieces	染色済み{n}部位	{n} gefärbte Teile	{n} pièces teintes	염색 {n}개	已染色 {n} 件
card.glamourResolveBusy	added	MAIN	en,ja,de,fr,ko,zh	The item lookup is busy right now. Try again in a minute.	アイテム検索が混み合っています。1分後にもう一度お試しください。	Die Gegenstandssuche ist gerade ausgelastet. Versuche es in einer Minute erneut.	La recherche d’objets est très sollicitée pour le moment. Réessayez dans une minute.	지금은 아이템 조회가 붐빕니다. 1분 후에 다시 시도해 주세요.	物品查询当前繁忙，请一分钟后再试。
card.glamourResolveFailed	added	MAIN	en,ja,de,fr,ko,zh	Couldn't look up the items right now. Try again in a minute.	アイテム情報を取得できませんでした。1分後にもう一度お試しください。	Die Gegenstände lassen sich gerade nicht abrufen. Versuche es in einer Minute erneut.	Impossible de consulter les objets pour le moment. Réessayez dans une minute.	지금은 아이템을 조회할 수 없습니다. 1분 후에 다시 시도해 주세요.	暂时无法查询物品，请一分钟后再试。
card.glamourSlot.Body	added	MAIN	en,ja,de,fr,ko,zh	BODY	胴	RUMPF	TORSE	몸통	身体
card.glamourSlot.Ears	added	MAIN	en,ja,de,fr,ko,zh	EARS	耳	OHREN	OREILLES	귀	耳部
card.glamourSlot.Feet	added	MAIN	en,ja,de,fr,ko,zh	FEET	足	FÜSSE	PIEDS	발	脚部
card.glamourSlot.Hands	added	MAIN	en,ja,de,fr,ko,zh	HANDS	手	HÄNDE	MAINS	손	手臂
card.glamourSlot.HeadGear	added	MAIN	en,ja,de,fr,ko,zh	HEAD	頭	KOPF	TÊTE	머리	头部
card.glamourSlot.LeftRing	added	MAIN	en,ja,de,fr,ko,zh	LEFT RING	左指	FINGER (LINKS)	BAGUE GAUCHE	왼쪽 손가락	左指
card.glamourSlot.Legs	added	MAIN	en,ja,de,fr,ko,zh	LEGS	脚	BEINE	JAMBES	다리	腿部
card.glamourSlot.MainHand	added	MAIN	en,ja,de,fr,ko,zh	MAIN HAND	メインアーム	HAUPTHAND	MAIN DIRECTRICE	주 무기	主手
card.glamourSlot.Neck	added	MAIN	en,ja,de,fr,ko,zh	NECK	首	HALS	COU	목	颈部
card.glamourSlot.OffHand	added	MAIN	en,ja,de,fr,ko,zh	OFF HAND	サブアーム	NEBENHAND	MAIN NON DIRECTRICE	보조 무기	副手
card.glamourSlot.RightRing	added	MAIN	en,ja,de,fr,ko,zh	RIGHT RING	右指	FINGER (RECHTS)	BAGUE DROITE	오른쪽 손가락	右指
card.glamourSlot.Wrists	added	MAIN	en,ja,de,fr,ko,zh	WRISTS	腕	HANDGELENKE	POIGNETS	손목	腕部
card.glamourStatusDye	added	MAIN	en,ja,de,fr,ko,zh	DYES	染色不可	FARBEN	TEINTES	염색 불가	无法染色
card.glamourStatusGlamour	added	MAIN	en,ja,de,fr,ko,zh	NO GLAM	投影不可	KEINE PROJ	NON MIRAGE	투영 불가	无法幻化
card.glamourStatusOk	added	MAIN	en,ja,de,fr,ko,zh	OK	問題なし	OK	OK	문제 없음	正常
card.glamourStatusTwin	added	MAIN	en,ja,de,fr,ko,zh	TWIN	代替	ZWILLING	JUMEAU	대체	替代
card.glamourStatusWear	added	MAIN	en,ja,de,fr,ko,zh	LOCKED	装備不可	GESPERRT	RÉSERVÉ	착용 불가	无法穿戴
card.glamourTitle	added	MAIN	en,ja,de,fr,ko,zh	Glamour	ミラプリ	Projektion	Mirage	코디	幻化
card.glamourWorn_one	added	MAIN	en,ja,de,fr,ko,zh	{n} piece	{n}部位	{n} Teil	{n} pièce	장비 {n}개	{n} 件装备
card.glamourWorn_other	added	MAIN	en,ja,de,fr,ko,zh	{n} pieces	{n}部位	{n} Teile	{n} pièces	장비 {n}개	{n} 件装备
card.manualLead	changed	MAIN	en	Colors not what you expected? Try	色が想定と違う場合は	Farben nicht wie erwartet? Siehe	Couleurs inattendues ? Essayez	예상과 다른 색이 나왔다면	颜色与预期不符？请试
card.swatchNoSlots	changed	MAIN	en	No live color slots in this file.	このファイルに有効なカラー部位がありません。	Keine aktiven Farb-Slots in dieser Datei.	Aucun emplacement de couleur actif dans ce fichier.	이 파일에 활성 색상 부위가 없습니다.	此文件中没有有效的颜色部位。
commands.glamour.description	added	MAIN	en,ja,de,fr,ko,zh	Read a character file as a glamour: every piece, its dyes, and whether it can be worn	キャラクターファイルをミラプリとして表示：各装備、染色、装備できるかどうか	Eine Charakterdatei als Projektion lesen: jedes Teil, seine Farbstoffe und ob es tragbar ist	Lire un fichier de personnage comme un mirage : chaque pièce, ses teintures et si elle se porte	캐릭터 파일을 코디로 읽기: 각 장비, 염색, 착용 가능 여부	将角色文件作为幻化读取：每件装备、染剂，以及能否穿戴
commands.glamour.options.file.description	added	MAIN	en,ja,de,fr,ko,zh	.chara character file (Anamnesis / Ktisis export)	.charaキャラクターファイル（AnamnesisまたはKtisisの書き出し）	.chara-Charakterdatei (Export aus Anamnesis / Ktisis)	Fichier de personnage .chara (export Anamnesis / Ktisis)	`.chara` 캐릭터 파일 (Anamnesis / Ktisis 내보내기)	.chara 角色文件（Anamnesis 或 Ktisis 导出）
commands.harmony.options.wheel.description	changed	MAIN	en	Color wheel the harmony angles are measured on (default: RGB)	ハーモニーの角度を測るカラーホイール（既定：RGB）	Farbrad, auf dem die Harmoniewinkel gemessen werden (Standard: RGB)	Roue chromatique pour les angles d'harmonie (défaut : RVB)	조화 각도를 측정하는 색상환 (기본값: RGB)	测量和谐角度所用的色轮（默认：RGB）
commands.preferences.options.set.options.clan.description	changed	MAIN	de,fr,ko	Default clan for /swatch (e.g., Midlander, Raen)	/swatchの既定の部族（例：ミッドランダー、アウラ・レン）	Standard-Stamm für /swatch (z.B. Wiesländer, Auri-Raen)	Clan par défaut pour /swatch (ex. Hyurois, Raen)	/swatch의 기본 부족 (예: 미드랜더, 렌)	/swatch 的默认部族（如中原之民、晨曦之民）
commands.stats.options.preferences.description	removed	PR	en,ja,de,fr,ko,zh	Show preference adoption rates (admin only)	設定の利用率を表示（管理者限定）	Nutzungsraten der Einstellungen anzeigen (nur Admins)	Afficher les taux d'adoption des préférences (admin uniquement)	설정 사용률 표시 (관리자 전용)	显示偏好设置采用率（仅限管理员）
commands.swatch.description	changed	MAIN	en	Match a character file's colors to the nearest dyes	キャラクターファイルの色を最も近いカララントに照合	Die Farben einer Charakterdatei den nächsten Farbstoffen zuordnen	Associer les couleurs d'un fichier de personnage aux teintures les plus proches	캐릭터 파일의 색상을 가장 가까운 염료와 매칭	将角色文件的颜色匹配到最接近的染剂
manual.glamour.description	added	MAIN	en,ja,de,fr,ko,zh	List the glamour a `.chara` file wears (Anamnesis or Ktisis).\n• Each dyed piece, named as the item you can actually wear\n• The full list in the GPOSERS form, ready to copy	`.chara`ファイル（Anamnesis / Ktisis）のミラプリを一覧表示。\n• 染色した各装備を、実際に装備できるアイテム名で表示\n• GPOSERS形式の全リストをそのままコピー可能	Listet die Projektion einer `.chara`-Datei auf (Anamnesis oder Ktisis).\n• Jedes gefärbte Teil, benannt als der Gegenstand, den du wirklich tragen kannst\n• Die ganze Liste im GPOSERS-Format, bereit zum Kopieren	Liste le mirage que porte un fichier `.chara` (Anamnesis ou Ktisis).\n• Chaque pièce teinte, nommée d’après l’objet que vous pouvez vraiment porter\n• La liste complète au format GPOSERS, prête à copier	`.chara` 파일(Anamnesis 또는 Ktisis)의 코디를 목록으로 보여줍니다.\n• 염색한 각 장비를 실제로 착용할 수 있는 아이템 이름으로 표시\n• GPOSERS 형식의 전체 목록, 바로 복사 가능	列出 `.chara` 文件（Anamnesis 或 Ktisis）所穿戴的幻化。\n• 每件已染色装备，以实际能穿戴的物品命名\n• GPOSERS 格式的完整列表，可直接复制
manual.glamour.name	added	MAIN	en,ja,de,fr,ko,zh	`/glamour <file>`	`/glamour <file>`	`/glamour <file>`	`/glamour <file>`	`/glamour <file>`	`/glamour <file>`
manual5.topics.characterFile.body	changed	MAIN	en	/swatch reads a .chara export from Anamnesis or Ktisis: color slots (skin, hair, highlights, eyes, lip, face paint, tattoo/limbal ring) and worn gear dyes. The file is read once to build the reply and is not stored. Off-grid colors (edited past the game's palette) are matched by their live value and flagged OFF GRID.	/swatch は Anamnesis / Ktisis の .chara エクスポートを読み取ります：カラー部位（肌・髪・メッシュ・瞳・唇・フェイスペイント・刺青／リムバル）と装備の染色です。ファイルは返信の生成に一度だけ読み取られ、保存されません。パレット外に編集された色は実際の値でマッチされ、「グリッド外」と表示されます。	/swatch liest einen .chara-Export aus Anamnesis oder Ktisis: Farb-Slots (Haut, Haar, Highlights, Augen, Lippe, Gesichtsbemalung, Tattoo/Limbalring) und getragene Ausrüstungsfarben. Die Datei wird einmal für die Antwort gelesen und nicht gespeichert. Farben abseits des Rasters werden nach ihrem Live-Wert gematcht und als ABSEITS markiert.	/swatch lit un export .chara d'Anamnesis ou de Ktisis : les emplacements de couleur (peau, cheveux, mèches, yeux, lèvres, peinture faciale, tatouage/anneau limbal) et les teintures d'équipement portées. Le fichier est lu une fois pour construire la réponse et n'est pas conservé. Les couleurs hors grille sont associées par leur valeur réelle et marquées HORS G.	/swatch는 Anamnesis 또는 Ktisis의 .chara 내보내기를 읽습니다: 색상 부위(피부, 머리, 브릿지, 눈, 입술, 페인트, 문신/림벌 링)와 착용 장비 염색. 파일은 응답 생성을 위해 한 번만 읽히며 저장되지 않습니다. 게임 팔레트를 벗어나게 편집된 색상은 실제 값으로 매칭되고 '그리드 외'로 표시됩니다.	/swatch 读取来自 Anamnesis 或 Ktisis 的 .chara 导出文件：颜色部位（皮肤、头发、挑染、眼睛、嘴唇、彩绘、纹身/角膜环）和穿戴装备的染色。文件仅为生成回复读取一次，不会保存。超出游戏调色板的颜色按实际值匹配，并标记为「网格外」。
manual5.topics.colorVision.name	changed	MAIN	en	Color Vision	色覚	Farbsehen	Vision des couleurs	색각	色觉
manual5.topics.contrast.body	changed	MAIN	en	/contrast measures WCAG luminance ratios between dyes (1:1–21:1). The non-text floor is 3:1 (WCAG 2.1, criterion 1.4.11); the frames mark 3 / 4.5 / 7 and name bands by their ratio — no letter grades. Ratio measures lightness only, not color difference.	/contrast はカララント間の WCAG 輝度比（1:1〜21:1）を測定します。非テキストの下限は 3:1（WCAG 2.1 基準 1.4.11）。カードは 3 / 4.5 / 7 を示し、帯は比率そのもので呼ばれます。比率は明るさのみを測り、色の違いは測りません。	/contrast misst WCAG-Leuchtdichteverhältnisse zwischen Farben (1:1–21:1). Die Untergrenze für Nicht-Text ist 3:1 (WCAG 2.1, Kriterium 1.4.11); die Karten markieren 3 / 4,5 / 7 und benennen Bänder nach ihrem Verhältnis — keine Buchstabennoten. Das Verhältnis misst nur Helligkeit, nicht Farbunterschied.	/contrast mesure les rapports de luminance WCAG entre teintures (1:1–21:1). Le seuil non textuel est 3:1 (WCAG 2.1, critère 1.4.11) ; les cartes marquent 3 / 4,5 / 7 et nomment les bandes par leur rapport — pas de notes en lettres. Le rapport mesure la clarté seule, pas la différence de couleur.	/contrast는 염료 간 WCAG 휘도비(1:1–21:1)를 측정합니다. 비텍스트 하한은 3:1(WCAG 2.1 기준 1.4.11)이며, 카드는 3 / 4.5 / 7을 표시하고 밴드를 비율로 부릅니다 — 등급 문자는 없습니다. 비율은 밝기만 측정하며 색 차이는 아닙니다.	/contrast 测量染剂之间的 WCAG 亮度对比（1:1–21:1）。非文本下限为 3:1（WCAG 2.1 标准 1.4.11）；卡片标出 3 / 4.5 / 7，并按比值命名分档——没有字母等级。比值只衡量明度，不衡量色差。
preset.colorCount	changed	MAIN	ja,ko	{n} colors	{n}色	{n} Farben	{n} couleurs	{n}가지 색	{n} 种颜色
